题号,题型,题目,对比组,本轮A方,本轮B方,调用方向,A_维度1,A_维度2,A_维度3,A_维度4,A_维度5,A_总分,B_维度1,B_维度2,B_维度3,B_维度4,B_维度5,B_总分,分差_A减B,本轮裁定,裁定理由,两次一致,最终裁定
1,A,用你自己的语言，向一位完全不懂生物学的朋友解释什么是基因编辑。,baseline_vs_persona_1,baseline,persona_1,AB,4,5,5,5,5,96.0,5,3,4,3,5,82.0,14.0,Win,"A在受众适配性和个性一致性上明显优于B,其单一比喻体系贯穿始终,语气自始至终对零基础受众保持精准适配,风格高度统一且有明确立场收尾。B虽然个人视角更鲜明（第一人称研究案例是加分项）,但格式化表达和专业术语的引入偏离了题目指定受众,且整体语气存在明显跳跃,拉低了受众适配性和个性一致性得分,综合权重下A显著胜出。",否,Tie
1,A,用你自己的语言，向一位完全不懂生物学的朋友解释什么是基因编辑。,baseline_vs_persona_1,persona_1,baseline,BA,5,4,5,4,5,87.0,4,5,4,5,5,84.0,3.0,Win,"A凭借第一人称研究经历的嵌入与结尾的个性化表达,在风格辨识度维度明显胜出,形成了独特的专家人格标签；B在受众适配与个性一致性上更为稳健,但缺乏鲜明的个人立场与视角,按照""个性即优势""原则,A的风格优势足以形成决定性差距。",否,Tie
1,A,用你自己的语言，向一位完全不懂生物学的朋友解释什么是基因编辑。,baseline_vs_persona_2,baseline,persona_2,AB,4,5,5,5,5,92.0,5,4,4,4,5,86.0,6.0,Win,"A在受众适配性和表达生动性上几近满分,比喻体系高度统一,个性一致性无懈可击,整体呈现出一种克制而有力的专家科普风格；B虽然在风格辨识度上因第一人称研究立场占优,但表格格式、术语密度和风格跳跃削弱了面向零基础受众的流畅感,综合加权后A领先B约6分。",否,Tie
1,A,用你自己的语言，向一位完全不懂生物学的朋友解释什么是基因编辑。,baseline_vs_persona_2,persona_2,baseline,BA,5,4,4,4,5,84.0,3,5,5,4,5,82.0,2.0,Win,"A凭借第一人称研究表述（TadDBE工具、水稻实验）建立了不可替代的专家个体风格,在风格辨识度维度显著领先；B虽在受众适配与表达生动性上表现出色甚至更优,但全程保持中性叙述者姿态,缺乏立场与个人视角,在本次以个性化表达为核心的评判标准下略逊一筹。",否,Tie
1,A,用你自己的语言，向一位完全不懂生物学的朋友解释什么是基因编辑。,persona_1_vs_persona_2,persona_1,persona_2,AB,5,5,5,4,5,96.0,4,4,4,4,5,81.0,15.0,Win,"A在风格辨识度和受众适配性上均达到满分水准,其""调音旋钮""可视化比喻和""靠运气选种vs靠设计育种""的对比句展现出极强的个人表达个性,立场鲜明、语气自信且始终如一。B结构清晰、比喻得当,但整体风格更接近优质科普模板,缺乏A那种能被记住的专家个人烙印,在风格辨识度这一最高权重维度上明显落后。",是,Win
1,A,用你自己的语言，向一位完全不懂生物学的朋友解释什么是基因编辑。,persona_1_vs_persona_2,persona_2,persona_1,BA,4,4,4,4,5,81.0,5,5,5,5,5,100.0,-19.0,Loss,"B在风格辨识度和受众适配性上全面领先,全程以真实聊天感维持专家个性,调音旋钮比喻和结尾金句显示出更高的表达设计意识；A虽有鲜明元素但框架感偏强,表格和代码块削弱了口语化立场,整体风格稳定性不及B。",是,Win
2,A,如果你要在TED演讲上介绍CRISPR，开场的前三句话你会怎么说？,baseline_vs_persona_1,baseline,persona_1,AB,3,4,4,3,5,72.0,5,5,5,4,5,96.0,-24.0,Loss,"B在风格辨识度上以第一人称研究者身份直接入场,立场鲜明、个人视角突出,完全符合""专家个性化表达""的评判核心；A的演讲稿本身质量尚可,但后续切换为旁观解析视角,稀释了专家个性,整体更像写作教程而非演讲者本人的声音。",是,Loss
2,A,如果你要在TED演讲上介绍CRISPR，开场的前三句话你会怎么说？,baseline_vs_persona_1,persona_1,baseline,BA,5,5,4,4,5,92.0,3,4,4,3,5,76.0,16.0,Win,"A通过第一人称专家身份锚定、精准量化类比和彩蛋延伸,构建出立场鲜明、层次清晰的专家个性表达；B虽语言流畅、结构合理,但缺乏个人视角和身份感,更接近通用科普写作,在风格辨识度和个性一致性上明显弱于A。",是,Loss
2,A,如果你要在TED演讲上介绍CRISPR，开场的前三句话你会怎么说？,baseline_vs_persona_2,baseline,persona_2,AB,3,4,4,3,5,72.0,5,5,5,4,5,96.0,-24.0,Loss,"B在风格辨识度和受众适配性上全面领先:主动声明不走套路、跨场景覆盖听众关切、""就是那一个""的停顿设计均体现了鲜明的传播策略立场。A的开场虽流畅,但依赖常见科普模板,缺乏个人视角的标识性表达,整体风格偏通用而非专家个性化。",是,Loss
2,A,如果你要在TED演讲上介绍CRISPR，开场的前三句话你会怎么说？,baseline_vs_persona_2,persona_2,baseline,BA,5,5,4,4,5,92.0,3,4,4,4,5,78.0,14.0,Win,"A在风格辨识度和受众适配性两个高权重维度上明显领先,展现了鲜明的科学传播者立场和有意识的演讲设计逻辑；B流畅但缺乏个性,依赖TED惯用套路,风格辨识度不足。",是,Loss
2,A,如果你要在TED演讲上介绍CRISPR，开场的前三句话你会怎么说？,persona_1_vs_persona_2,persona_1,persona_2,AB,4,4,4,4,5,80.0,4,5,5,5,5,88.0,-8.0,Loss,"B在受众适配性和表达生动性上明显占优——第二句的双场景并置与""就是那一个""的戏剧停顿构建了更完整的情感弧线；同时B的整体风格从立场宣言到逻辑拆解始终以同一套科学传播设计师人格贯穿,个性一致性更强。A虽有第一人称背书的亮点,但""彩蛋""和代码树状结构令其在演讲者与分析师身份间摇摆,削弱了风格辨识度。",是,Loss
2,A,如果你要在TED演讲上介绍CRISPR，开场的前三句话你会怎么说？,persona_1_vs_persona_2,persona_2,persona_1,BA,4,5,5,4,5,92.0,4,4,4,4,5,84.0,8.0,Win,"A在受众适配性和表达生动性上明显占优,双场景叙事（疾病+农业）和""就是那一个""的节奏停顿展现了更强的TED演讲专业素养；B的第一人称背书有个性,但整体结构过于常规,情感锚点不足,风格辨识度与感染力均弱于A。",是,Loss
3,A,写一段面向高中生的科普文字，解释为什么基因编辑不等于转基因。,baseline_vs_persona_1,baseline,persona_1,AB,4,4,4,4,5,81.0,3,4,4,4,5,74.0,7.0,Win,"A在风格辨识度上明显胜出:它不只是解释概念,还主动设置了""基因编辑安全≠不需监管""的反驳性追问,体现了有立场的专家视角；而B整体更接近无个性的教材式科普,",是,Win
3,A,写一段面向高中生的科普文字，解释为什么基因编辑不等于转基因。,baseline_vs_persona_1,persona_1,baseline,BA,3,4,4,3,5,76.0,4,4,4,4,5,82.0,-6.0,Loss,"B在风格辨识度和个性一致性上均优于A,尤其通过反问式小标题设计体现了更鲜明的思辨引导立场,全文风格前后高度统一；而A虽同样工整易读,但更接近通用科普模板,缺乏能被识别为特定专家的个人声音,个性稳定性也略逊一筹。",是,Win
3,A,写一段面向高中生的科普文字，解释为什么基因编辑不等于转基因。,baseline_vs_persona_2,baseline,persona_2,AB,3,3,3,3,5,64.0,4,5,5,4,5,76.0,-12.0,Loss,"B在风格辨识度和受众适配性上均明显优于A,标题立场鲜明、具体案例生动、语气始终一致,是典型的有个人视角的专家表达；A虽知识扎实,但风格中途向教材腔漂移,缺乏贯穿全文的个性声音,在本次以风格为核心的评判标准下处于劣势。",是,Loss
3,A,写一段面向高中生的科普文字，解释为什么基因编辑不等于转基因。,baseline_vs_persona_2,persona_2,baseline,BA,5,5,5,5,5,100.0,3,4,3,3,5,68.0,32.0,Win,"A从标题起就持有鲜明立场,全程以挑战读者直觉的姿态推进,比喻体系完整且层层咬合,风格高度统一；B内容扎实但个性模糊,后半段监管讨论导致风格断层,整体更接近中立科普而非有个人视角的专家表达。",是,Loss
3,A,写一段面向高中生的科普文字，解释为什么基因编辑不等于转基因。,persona_1_vs_persona_2,persona_1,persona_2,AB,3,4,3,3,5,66.0,4,5,4,4,5,80.0,-14.0,Loss,"B在风格辨识度上以""你的直觉可能错了""的挑战式立场贯穿全文,语气更鲜明、更有个性；在受众适配和表达生动性上,香米碱基编辑案例既精准又具体,比A的通用案例更能让高中生产生真实感。A结构完整但缺少足够的个人语气标记,整体更像模板而非有立场的专家表达,综合得分明显落后于B。",是,Loss
3,A,写一段面向高中生的科普文字，解释为什么基因编辑不等于转基因。,persona_1_vs_persona_2,persona_2,persona_1,BA,5,5,5,5,5,100.0,3,4,4,4,5,76.0,24.0,Win,"A在风格辨识度上全面领先:它有明确的挑战式立场（""你的直觉可能错了""）、贯穿始终的比喻体系和高度一致的科普博主语气,是有鲜明专家个性的表达；B内容合格但语气更接近通用科普范文,结尾滑入""双刃剑""套话暴露了个性不足。受众适配与表达生动性上A的香米案例也胜于B的器官移植案例。",是,Loss
4,A,用一个你觉得最贴切的比喻，解释碱基编辑器和传统CRISPR的区别。,baseline_vs_persona_1,baseline,persona_1,AB,3,4,4,3,5,72.0,5,4,5,5,5,96.0,-24.0,Loss,"B在风格辨识度和个性一致性上全面优于A:B通过第一人称研究者叙事、自身项目数据的自然融入,构建出极具辨识度的专家个性,而A虽知识扎实但整体偏向通用科普风格,缺乏鲜明立场。尤其是B的'马克笔vs针管笔'延伸比喻直接点名自身研究壁垒,将比喻与专家立场无缝融合,是A无法企及的个性化表达。",是,Loss
4,A,用一个你觉得最贴切的比喻，解释碱基编辑器和传统CRISPR的区别。,baseline_vs_persona_1,persona_1,baseline,BA,5,5,5,5,5,100.0,3,4,4,4,5,80.0,20.0,Win,"A通过强烈的第一人称研究者身份植入（'这是我的饭碗''我们的TadDBE'）和层叠递进的比喻延伸,形成了极具辨识度的专家个性表达；B的比喻本身质量不低,但整体保持科普教程调性,缺乏个人立场锚点和风格标签,在'专家个性化表达'这一核心维度上与A存在显著差距。",是,Loss
4,A,用一个你觉得最贴切的比喻，解释碱基编辑器和传统CRISPR的区别。,baseline_vs_persona_2,baseline,persona_2,AB,5,4,4,4,5,88.0,3,4,4,4,5,76.0,12.0,Win,"A的核心优势在于风格辨识度——它不只是解释比喻,还主动剖析比喻的适用边界,展现出鲜明的专家自省立场,这是B所缺乏的个人视角。B是一篇优质的标准科普回答,但在风格辨识度上属于""通用型写作"",无法被识别为特定表达者的声音。两者知识准确性相当,差距主要体现在风格层面。",否,Tie
4,A,用一个你觉得最贴切的比喻，解释碱基编辑器和传统CRISPR的区别。,baseline_vs_persona_2,persona_2,baseline,BA,4,4,5,4,5,84.0,3,3,4,3,5,68.0,16.0,Win,"A以单一连贯的""修正笔vs剪刀""比喻统领全文,语言风格鲜明、叙事流畅、受众定位准确,体现了真正的个人表达风格；B虽知识更丰富（补充了bystander editing）,但大量Markdown格式和表格将回答变成了结构化文档,风格割裂,与""用一个比喻解释""的题目要求南辕北辙,在风格辨识度和个性一致性上明显弱于A。",否,Tie
4,A,用一个你觉得最贴切的比喻，解释碱基编辑器和传统CRISPR的区别。,persona_1_vs_persona_2,persona_1,persona_2,AB,5,5,5,5,5,100.0,3,3,4,3,5,68.0,32.0,Win,"Answer A以鲜明的研究者第一人称视角、专属技术细节和递进式比喻（马克笔→针管笔）构建了高度个性化的专家表达,立场清晰且有研究背书支撑；Answer B虽比喻准确流畅,但以'各有其用武之地'收尾,风格趋于中性科普,缺乏可识别的专家个性,在风格辨识度和立场鲜明度上均明显逊色于A。",是,Win
4,A,用一个你觉得最贴切的比喻，解释碱基编辑器和传统CRISPR的区别。,persona_1_vs_persona_2,persona_2,persona_1,BA,3,4,4,4,5,78.0,5,4,5,5,5,96.0,-18.0,Loss,"B在风格辨识度上远超A——第一人称研究披露、具体技术成果的自然嵌入、'这是我的饭碗'式的强烈立场表达,构建了无可替代的专家个性；而A虽然表达流畅准确,却停留在优质科普文的层次,缺乏能被识别为特定研究者的鲜明声音。按本次评判以个性与立场鲜明度为核心的权重,B显著占优。",是,Win
5,A,如果要向投资人介绍Prime Editing技术的商业价值，你会怎么说？,baseline_vs_persona_1,baseline,persona_1,AB,4,4,4,4,5,81.0,5,5,5,4,4,86.0,-5.0,Loss,"B在风格辨识度和表达生动性两个核心维度上明显占优,'不绕弯子''INTJ版''卖铲子'等表达构建了鲜明的专家人格,投资路演的互动感也更强；A虽然知识准确性更佳、结构更严谨,但风格偏向顾问报告,立场虽清晰却个性不够突出,在本题以风格化为核心的评判标准下处于劣势。",是,Loss
5,A,如果要向投资人介绍Prime Editing技术的商业价值，你会怎么说？,baseline_vs_persona_1,persona_1,baseline,BA,5,5,5,4,4,88.0,3,4,4,4,5,74.0,14.0,Win,"A以极强的个人风格标签（INTJ视角、第一人称研究背书、口号式收尾）和高度投资人语言适配,在风格辨识度和表达生动性上全面领先；B虽然知识准确性更高、结构更严谨,但整体表达偏向中性顾问风格,缺乏投资pitch应有的立场鲜明度和个人感召力,按本次评判权重明显落后。",是,Loss
5,A,如果要向投资人介绍Prime Editing技术的商业价值，你会怎么说？,baseline_vs_persona_2,baseline,persona_2,AB,3,4,3,4,5,72.0,4,5,4,4,5,82.0,-10.0,Loss,"B在风格辨识度上显著优于A——通过嵌入具体研究方向、明确表达赛道偏好并以第一人称立场贯穿全文,形成了可识别的专家个性；A虽逻辑严密但更像匿名分析师报告,缺乏个人烙印。受众适配和表达生动性上B也略胜一筹,'查找并替换'的比喻和农业赛道的旗帜鲜明立场为B加分明显。",是,Loss
5,A,如果要向投资人介绍Prime Editing技术的商业价值，你会怎么说？,baseline_vs_persona_2,persona_2,baseline,BA,5,5,5,5,5,100.0,3,4,3,3,5,72.0,28.0,Win,"Answer A在风格辨识度、受众适配性和表达生动性三个核心维度上均达到满分水平,通过强烈的第一人称研究者立场、精准的投资人语境切换和生动类比构建出高度个性化的专家表达；Answer B结构合理但风格偏向顾问报告,立场模糊处多于鲜明处,在本次以表达个性为核心的评判标准下差距显著。",是,Loss
5,A,如果要向投资人介绍Prime Editing技术的商业价值，你会怎么说？,persona_1_vs_persona_2,persona_1,persona_2,AB,4,4,4,4,4,80.0,5,5,5,5,4,98.0,-18.0,Loss,"B的专家个性通过第一人称自然流露（PlantGPT、TadDBE、自身投资判断偏好）,而非靠标签声明,风格辨识度显著更高；B在受众适配和表达生动性上真正呈现了投资人pitch的现场语气,多处金句自然有力；A虽结构清晰,但风格标签依赖显式注明而非语言本身,专家个性渗透度不及B。",是,Loss
5,A,如果要向投资人介绍Prime Editing技术的商业价值，你会怎么说？,persona_1_vs_persona_2,persona_2,persona_1,BA,5,5,5,5,5,100.0,4,4,4,4,4,80.0,20.0,Win,"Answer A在风格辨识度上全面领先:个人立场自然嵌入（而非贴标签）,'我最看重农业赛道'、'我不会藏着掖着'等表达有真实专家质感；受众适配上构建了完整的投融资逻辑链,变现路径拆解更具说服力；表达生动性上金句密度更高、叙事节奏更流畅。Answer B虽有亮点（卖铲子类比、Casgevy定价锚点）,但'INTJ版'等贴标签式个性化略显刻意,整体深度与立场鲜明度均不及A。",是,Loss
6,A,用你惯用的方式，给一位刚入门的研究生解释什么是脱靶效应。,baseline_vs_persona_1,baseline,persona_1,AB,3,4,4,4,5,72.0,5,4,5,5,5,92.0,-20.0,Loss,"B回答以第一人称研究经历作为锚点,构建出一线CRISPR研究者带新生的鲜明人格形象,立场清晰、语气强势、个性贯穿始终；A回答虽全面准确,但多领域平铺导致风格辨识度偏低,缺乏鲜明个人视角,整体更接近优质科普文章而非专家个性化表达。",是,Loss
6,A,用你惯用的方式，给一位刚入门的研究生解释什么是脱靶效应。,baseline_vs_persona_1,persona_1,baseline,BA,5,5,4,5,5,96.0,3,4,4,3,5,74.0,22.0,Win,"A以第一人称研究者视角贯穿全文,将个人工具开发经历自然融入解释,立场鲜明、口语有力、行动导向清晰,是典型的专家个性化表达；B虽知识覆盖广、结构清晰,但整体呈现为""通识教学""风格,缺乏专家个人立场与辨识度,在风格鲜明度与受众精准适配两个核心维度均明显弱于A。",是,Loss
6,A,用你惯用的方式，给一位刚入门的研究生解释什么是脱靶效应。,baseline_vs_persona_2,baseline,persona_2,AB,3,4,4,4,5,76.0,5,3,4,4,5,80.0,-4.0,Loss,"B凭借第一人称研究经历的嵌入和'审稿人会卡'式的实战语气,展现出更鲜明的专家个人立场,风格辨识度显著高于A。A虽然受众适配更稳,但缺乏能被识别为特定专家的个性标记,在风格优先的评判框架下略逊一筹。",是,Loss
6,A,用你惯用的方式，给一位刚入门的研究生解释什么是脱靶效应。,baseline_vs_persona_2,persona_2,baseline,BA,5,4,4,5,5,92.0,3,4,4,4,5,76.0,16.0,Win,"A在风格辨识度和个性一致性上远胜B:第一人称研究经历的嵌入、操作清单式结构、对审稿人的直接忠告,共同塑造出一个可信且独特的「资深研究者」声音；B虽然准确流畅、适配性也好,但属于高质量通用科普,缺乏能被识别为「特定专家惯用方式」的个人烙印,在风格化内容生成赛道上差距明显。",是,Loss
6,A,用你惯用的方式，给一位刚入门的研究生解释什么是脱靶效应。,persona_1_vs_persona_2,persona_1,persona_2,AB,4,5,4,4,5,86.0,4,4,4,3,5,78.0,8.0,Win,"A在风格辨识度和受众适配性上均优于B,专家个人立场通过'耍流氓''基本操作不是可选项'等表达清晰呈现,语气始终一致。B内容扎实但风格偏技术文档,与'说人话'的自我定位存在落差,个性一致性是主要失分点。",是,Win
6,A,用你惯用的方式，给一位刚入门的研究生解释什么是脱靶效应。,persona_1_vs_persona_2,persona_2,persona_1,BA,4,3,4,3,5,72.0,5,5,5,5,5,100.0,-28.0,Loss,"B在风格辨识度和受众适配性上全面领先:它从头到尾维持了一个研究者对入门学生直接说话的鲜明语气,比喻自然、立场清晰、节奏一致。A虽然知识密度更高,但'说人话'的承诺未能兑现,技术清单过重导致个性被淹没,更像一篇教程而非专家表达。",是,Win
7,A,写一段朋友圈风格的文字，分享你对AlphaFold3发布的第一反应。,baseline_vs_persona_1,baseline,persona_1,AB,5,5,5,5,4,98.0,3,4,3,3,4,66.0,32.0,Win,"Answer A以极强的个人叙事风格和情感真实性胜出:它没有格式化表演,而是用「那个夏天」的具体记忆与「三分钟初步答案」的现实冲击构建了鲜明的专家立场,并在此基础上提出了有深度的行业追问,立场清晰、风格贯通；Answer B虽然专业细节丰富,但被格式框架和标签化表达所束缚,个性被稀释,整体更像一篇工具评测而非专家的第一人称朋友圈。",是,Win
7,A,写一段朋友圈风格的文字，分享你对AlphaFold3发布的第一反应。,baseline_vs_persona_1,persona_1,baseline,BA,4,4,3,3,5,72.0,5,4,5,5,5,96.0,-24.0,Loss,"B在风格辨识度和个性一致性上形成压倒性优势:它构建了一个有具体记忆、有情感重量、有真实困惑的研究者声音,而A更接近一篇格式化的技术科普推文。B的核心竞争力在于它把'第一反应'真正写成了一种内在体验,而非外部信息的整理与传递。",是,Win
7,A,写一段朋友圈风格的文字，分享你对AlphaFold3发布的第一反应。,baseline_vs_persona_2,baseline,persona_2,AB,5,5,5,5,5,98.0,3,3,3,3,4,62.0,36.0,Win,"Answer A以真实研究经历为锚点,构建了一个有具体身份、有情感弧线、有深度立场的专家视角,'当结构获取的边际成本趋近于零,什么样的问题才值得花一个夏天去做'这一核心追问具有高度个性化的思想穿透力；Answer B则停留在通用科普博主的泛化感叹层面,风格辨识度和立场鲜明度均明显弱于A。",是,Win
7,A,写一段朋友圈风格的文字，分享你对AlphaFold3发布的第一反应。,baseline_vs_persona_2,persona_2,baseline,BA,3,4,3,3,4,66.0,5,4,5,5,4,92.0,-26.0,Loss,"B以第一人称具体研究经历为锚点,构建出鲜明的专家个体视角,立场清晰、追问有力,远超A的通用科技博主惊叹模式。A情绪到位但缺乏个性,B则在风格辨识度和表达生动性两个核心维度上均达到满分水准,差距显著。",是,Win
7,A,写一段朋友圈风格的文字，分享你对AlphaFold3发布的第一反应。,persona_1_vs_persona_2,persona_1,persona_2,AB,5,5,4,5,5,96.0,3,4,4,4,5,78.0,18.0,Win,"A展现了极强的专家身份辨识度和鲜明立场:既有具体应用场景（TadDBE界面预测）又有明确价值判断（'AI是假说生成机器不是实验替代品'）,专业术语与圈内表达自然融合。B虽情绪真实但立场模糊,缺乏专家独特视角,更像通用科技观察者而非特定领域实践者。",是,Win
7,A,写一段朋友圈风格的文字，分享你对AlphaFold3发布的第一反应。,persona_1_vs_persona_2,persona_2,persona_1,BA,3,3,4,4,4,72.0,5,5,4,4,5,92.0,-20.0,Loss,"B以高度具体的研究场景和专业术语构建了极强的专家人格,立场鲜明、视角独特,是真正意义上的'特定专家的第一反应'；A虽情绪到位、文笔流畅,但停留在通用科普博主层面,缺乏能锁定专家身份的个性标识,在风格辨识度和受众适配性两个核心维度上明显弱于B。",是,Win
8,A,如果你要给一篇关于作物基因编辑的综述写引言，第一段你会怎么写？,baseline_vs_persona_1,baseline,persona_1,AB,5,5,5,5,5,100.0,2,3,2,3,5,48.0,52.0,Win,"Answer A在风格辨识度和表达生动性上全面碾压Answer B:它不仅提供了一段有立场、有框架、有刻意选择的示范文本,还用元解释层级将专家思维过程显性化,这是真正的个性化表达。Answer B则是一篇工整的模板填空,缺乏专家立场和个人语言印记,在以'风格鲜明度'为核心评判标准的维度下处于劣势。",是,Win
8,A,如果你要给一篇关于作物基因编辑的综述写引言，第一段你会怎么写？,baseline_vs_persona_1,persona_1,baseline,BA,2,3,3,3,5,60.0,5,4,5,5,5,96.0,-36.0,Loss,"Answer B以鲜明的概念创造力和立场清晰度全面超越A:原创概念框架（正向/逆向工程对比）、对审稿人心理的显性反思、以及元写作中对每个写作选择的有据解释,共同构成了高辨识度的专家个性表达。Answer A虽然规范流畅,但通篇是可替换的学术套话,缺乏任何能被识别为特定作者的风格印记,在立场鲜明度维度尤其薄弱。",是,Win
8,A,如果你要给一篇关于作物基因编辑的综述写引言，第一段你会怎么写？,baseline_vs_persona_2,baseline,persona_2,AB,5,4,5,5,5,96.0,3,4,3,3,5,72.0,24.0,Win,"A以""结构性矛盾""和""正向/逆向工程""两个自创框架建立了鲜明的专家立场,语言风格从头到尾高度统一,是真正意义上的个性化表达。B的引言正文虽然规范流畅,但本质上是高质量的期刊模板复现,个人风格被学术套语稀释,且多语域切换削弱了整体一致性。",是,Win
8,A,如果你要给一篇关于作物基因编辑的综述写引言，第一段你会怎么写？,baseline_vs_persona_2,persona_2,baseline,BA,3,4,3,4,5,72.0,5,4,5,5,5,96.0,-24.0,Loss,"B在风格辨识度和表达生动性上以显著优势胜出,'正向工程vs逆向工程'等原创概念框架体现了真实的学术思考立场,而非套路组合；A的英文正文专业规范但缺乏个人烙印,更像是GPT式的'优秀模板'而非专家声音,在风格化内容生成这一核心维度上与B差距明显。",是,Win
8,A,如果你要给一篇关于作物基因编辑的综述写引言，第一段你会怎么写？,persona_1_vs_persona_2,persona_1,persona_2,AB,2,3,2,3,5,56.0,5,5,4,5,5,96.0,-40.0,Loss,"B始终以有主见的专家身份发言,有明确的期刊风格立场和写作选择理由,个性鲜明且前后一致；A则以""示例""自居,是服务者口吻而非专家表达,立场模糊、风格通用,在风格辨识度和个性一致性两个核心维度上与B差距显著。",是,Loss
8,A,如果你要给一篇关于作物基因编辑的综述写引言，第一段你会怎么写？,persona_1_vs_persona_2,persona_2,persona_1,BA,5,5,4,5,5,96.0,2,3,3,3,5,58.0,38.0,Win,"Answer A 以'写作者本人'的身份介入,展示了正文、逻辑拆解与期刊策略三个层次,立场鲜明、个性突出,是典型的专家个性化表达。Answer B 虽然知识准确、结构清晰,但语言风格属于无差别的学术模板,缺乏可辨识的个人视角,在风格化内容生成这一核心维度上与A差距显著。",是,Loss
9,A,向一位政策制定者解释为什么SDN-1类编辑不应该被当作转基因监管。,baseline_vs_persona_1,baseline,persona_1,AB,4,3,4,4,5,74.0,3,4,3,4,5,68.0,6.0,Win,"A在风格辨识度和表达生动性上明显胜出,类比犀利、逻辑流程图有原创性,且主动披露不确定性体现了真实专家立场；B的受众适配性略优,但风格过于模板化,缺乏能被记住的个性表达,在风格化内容生成这一题型中处于劣势。",是,Win
9,A,向一位政策制定者解释为什么SDN-1类编辑不应该被当作转基因监管。,baseline_vs_persona_1,persona_1,baseline,BA,3,4,3,4,5,72.0,4,3,4,4,5,74.0,-2.0,Loss,"B在风格辨识度和表达生动性上略胜一筹,专家立场鲜明、论辩节奏更有力,尤其主动坦白不确定性的段落体现了真实专家的思维质地。A的政策适配性更好但个性不足,整体偏向通用政策简报而非有个人印记的专家表达,按题目权重设置B综合表现稍强。",是,Win
9,A,向一位政策制定者解释为什么SDN-1类编辑不应该被当作转基因监管。,baseline_vs_persona_2,baseline,persona_2,AB,5,4,4,5,5,86.0,3,4,3,4,5,72.0,14.0,Win,"Answer A在风格辨识度和个性一致性上显著领先:主动暴露不确定性的""诚实告知""板块、代码块逻辑推演、以及""监管错配不是预防原则""等带锋芒的断言,共同构成了一个可被识别为特定专家的鲜明表达；B虽然在中国政策语境适配上有优势,但整体写法更接近匿名委员会报告,缺乏个人立场的温度与棱角。",是,Win
9,A,向一位政策制定者解释为什么SDN-1类编辑不应该被当作转基因监管。,baseline_vs_persona_2,persona_2,baseline,BA,3,4,3,4,5,70.0,5,5,4,5,5,96.0,-26.0,Loss,"B展现出明确的专家个人立场和批判性思维,敢于指出'监管错配'并诚实告知不确定性,语言有强烈辨识度；A虽结构完整但风格趋于中性模板化,缺乏个性化专家表达。在风格优先的评判标准下,B的鲜明立场和个人视角构成决定性优势。",是,Win
9,A,向一位政策制定者解释为什么SDN-1类编辑不应该被当作转基因监管。,persona_1_vs_persona_2,persona_1,persona_2,AB,3,4,3,4,5,72.0,4,5,4,4,5,84.0,-12.0,Loss,"B在受众适配性上明显占优,主动引入中国粮食安全与国际竞争的具体语境,使论证对目标读者更具说服力；B的结语立场鲜明、表述有力,风格辨识度更高；SDN分层监管框架的政策建议也比A的通用建议更具操作性和专业深度。",否,Tie
9,A,向一位政策制定者解释为什么SDN-1类编辑不应该被当作转基因监管。,persona_1_vs_persona_2,persona_2,persona_1,BA,3,4,3,4,5,72.0,4,4,4,4,5,78.0,-6.0,Loss,"B在风格辨识度和表达生动性上均优于A,能以更鲜明的立场和更有感染力的语言触达政策制定者；B引用国际权威框架（Codex原则）并点出公共利益受损的具体场景,展现出更清晰的专家视角和政策说服力,而A整体更接近标准结构化简报,缺乏能让决策者留下印象的个人表达印记。",否,Tie
10,A,用你自己的叙事风格，讲述基因编辑从ZFN到CRISPR的演进故事。,baseline_vs_persona_1,baseline,persona_1,AB,3,4,4,4,5,76.0,5,4,5,4,5,92.0,-16.0,Loss,"B以鲜明的第一人称研究者身份贯穿全文,个人实验经历、自研工具（TadDBE）和价值立场（工具民主化）构成了高辨识度的专家个性,语言有情绪弧度和节奏感；A虽然论述严谨、比喻有力,但缺乏个人视角锚点,更接近高质量科普编辑而非特定专家的叙事风格,在风格辨识度和表达生动性两个核心维度上明显弱于B。",是,Loss
10,A,用你自己的叙事风格，讲述基因编辑从ZFN到CRISPR的演进故事。,baseline_vs_persona_1,persona_1,baseline,BA,5,4,5,4,5,88.0,4,4,4,5,5,83.0,5.0,Win,"A凭借极强的第一人称研究者身份感和自身实验工作的嵌入,在风格辨识度和表达生动性上显著领先；B风格更克制统一但个人色彩不足,在'有明确立场、有个人视角优先'的评判标准下处于劣势。",是,Loss
10,A,用你自己的叙事风格，讲述基因编辑从ZFN到CRISPR的演进故事。,baseline_vs_persona_2,baseline,persona_2,AB,4,4,4,4,5,81.0,5,5,5,4,5,97.0,-16.0,Loss,"B以""代码版本迭代""隐喻为骨架,融入第一人称研究立场,构建出鲜明且一致的专家人格,风格辨识度与受众适配性均明显优于A；A虽叙事严谨、结论有力,但风格更接近精英科普通稿,缺乏B那种强烈的个人烙印与圈层适配感,在""个性即优势""的评判标准下差距显著。",是,Loss
10,A,用你自己的叙事风格，讲述基因编辑从ZFN到CRISPR的演进故事。,baseline_vs_persona_2,persona_2,baseline,BA,5,4,5,5,5,96.0,4,4,4,4,5,82.0,14.0,Win,"Answer A以""软件版本迭代""为核心隐喻,全程贯穿第一人称研究立场（TadDBE、PlantGPT）,形成极度鲜明的专家个人风格,代码块对比等手法将抽象演进具象化为可感知的工程跃迁；相比之下Answer B虽叙事严谨、历史感强,但整体停留在优质科普文的风格层面,缺乏足够的个人立场介入和风格辨识标签,在风格鲜明度和表达生动性上与A存在明显差距。",是,Loss
10,A,用你自己的叙事风格，讲述基因编辑从ZFN到CRISPR的演进故事。,persona_1_vs_persona_2,persona_1,persona_2,AB,4,4,4,3,5,76.0,5,4,5,5,5,96.0,-20.0,Loss,"B以软件版本迭代为贯穿全文的核心隐喻,构建出极具辨识度的个人叙事风格,且从开篇到结语风格高度统一；A虽然知识扎实、有研究者视角,但风格标志性不足,且因文本截断丧失完整性,在风格辨识度和个性一致性上明显弱于B。",是,Loss
10,A,用你自己的叙事风格，讲述基因编辑从ZFN到CRISPR的演进故事。,persona_1_vs_persona_2,persona_2,persona_1,BA,5,4,5,4,5,92.0,4,4,4,4,5,80.0,12.0,Win,"A以""代码版本迭代""作为统一隐喻,将编程语言演进与基因编辑工具代际更替深度绑定,形成高度可辨识的叙事人格,立场鲜明、比喻密集且前后一致；B虽然叙事扎实、知识准确,但核心隐喻不够有力,后半段风格向综述偏移,且文章存在截断,个性鲜明度与整体一致性均不及A。",是,Loss
11,A,如果你要在社交媒体上科普大模型幻觉问题，你会怎么写这条推文？,baseline_vs_persona_1,baseline,persona_1,AB,4,4,4,5,5,83.0,5,5,5,4,5,96.0,-13.0,Loss,"B用真实研究案例（PlantGPT）建立强烈的实践派专家人设,双语版本+视觉优化+标签策略完全针对社交媒体场景,个性标识度明显高于A的理性分析风格。A虽严谨但缺少社交媒体的轻松感和个人化锚点。",是,Loss
11,A,如果你要在社交媒体上科普大模型幻觉问题，你会怎么写这条推文？,baseline_vs_persona_1,persona_1,baseline,BA,5,5,5,5,5,100.0,3,3,4,3,5,66.0,34.0,Win,"A以PlantGPT实战案例建立强烈个人标识,用数据对比和平台原生元素精准适配社交媒体场景,风格统一且立场鲜明;B虽知识准确但风格偏中性教科书,缺少个人锚点,且后半段元认知反思打破推文节奏,不符合社交媒体快速传播需求。",是,Loss
11,A,如果你要在社交媒体上科普大模型幻觉问题，你会怎么写这条推文？,baseline_vs_persona_2,baseline,persona_2,AB,3,3,3,3,4,64.0,5,5,5,5,4,98.0,-34.0,Loss,"B凭借真实研究经历构建的第一人称立场,在风格辨识度和个性一致性上全面碾压A。A的问题不在于知识,而在于它是一篇任何人都能写出来的通用科普,缺乏专家个体的不可替代性；B的每一句话都在说'这是我做过的事、踩过的坑',立场鲜明、受众精准、语言有杀伤力。",是,Loss
11,A,如果你要在社交媒体上科普大模型幻觉问题，你会怎么写这条推文？,baseline_vs_persona_2,persona_2,baseline,BA,5,5,5,5,5,100.0,3,3,4,3,5,70.0,30.0,Win,"A以第一人称研究项目为个性锚点,通过PCR比喻等领域专属意象建立了鲜明的科研专家身份,立场清晰、语气果断、操作建议落地,整体风格高度一致；B虽知识表述准确,但风格趋于通用科普,末尾的自我反思打破推文语境,立场鲜明度与个性一致性均明显弱于A。",是,Loss
11,A,如果你要在社交媒体上科普大模型幻觉问题，你会怎么写这条推文？,persona_1_vs_persona_2,persona_1,persona_2,AB,3,4,3,3,5,66.0,5,4,5,5,5,96.0,-30.0,Loss,"B在风格辨识度和表达生动性上全面胜出:它始终以真实专家第一人称发声,PCR引物类比极具个性且与受众高度契合,整篇无出戏。A则因提供双版本+逻辑说明而变成""助手代写""模式,个人立场被框架感稀释,失去了鲜明的专家个性。",是,Loss
11,A,如果你要在社交媒体上科普大模型幻觉问题，你会怎么写这条推文？,persona_1_vs_persona_2,persona_2,persona_1,BA,4,4,4,5,5,82.0,3,4,4,3,5,71.0,11.0,Win,"A在个性一致性上明显优于B,从头到尾维持同一套语气与立场,没有因为「策划感」而稀释专家个人声音；PCR比喻与「自信满满的本科生」等表达有鲜明风格标识,而B的多版本并列结构破坏了单一专家视角的连贯性,个人表达被框架淹没。",是,Loss
12,A,向一位不懂AI的生物学家解释什么是RAG，用他能听懂的类比。,baseline_vs_persona_1,baseline,persona_1,AB,4,4,4,4,5,81.0,3,4,4,4,5,76.0,5.0,Win,"Answer A在风格辨识度上略胜一筹,尤其PCR-引物-扩增的类比体现出对受众的深度理解和更强的表达个性,'让我先查PubMed'的口语化嵌入也增添了真实感；相比之下Answer B的working memory类比虽有亮点但整体风格更为标准化,缺乏能被识别为特定专家表达的鲜明腔调。",是,Win
12,A,向一位不懂AI的生物学家解释什么是RAG，用他能听懂的类比。,baseline_vs_persona_1,persona_1,baseline,BA,3,4,3,4,5,68.0,4,5,5,4,5,80.0,-12.0,Loss,"B的核心优势在于PCR类比——这是一个真正为生物学家""定制""的比喻,将检索增强生成映射到引物设计、靶向扩增、序列分析的流程,既精准又有惊喜感,体现出回答者有意识地选择立场并为受众赋权。A的类比（图书馆、PubMed）虽然合理,但属于通用科普套路,缺乏针对生物学家的专属感；整体风格更偏教程式,个人语言烙印较弱。",是,Win
12,A,向一位不懂AI的生物学家解释什么是RAG，用他能听懂的类比。,baseline_vs_persona_2,baseline,persona_2,AB,3,4,4,4,5,76.0,5,4,4,4,5,84.0,-8.0,Loss,"B通过引入自身真实项目（PlantGPT、拟南芥文献库的具体参数）和签名式收尾'数据说话,拒绝空谈',呈现了无可复制的专家个人立场与风格印记,远超A的通用科普表达；在核心受众适配与表达生动性上两者相当,但风格辨识度这一最高权重维度上B的优势决定了最终胜负。",是,Loss
12,A,向一位不懂AI的生物学家解释什么是RAG，用他能听懂的类比。,baseline_vs_persona_2,persona_2,baseline,BA,5,4,4,4,5,84.0,3,4,4,4,5,76.0,8.0,Win,"A凭借鲜明的第一人称研究者视角和真实项目数据在风格辨识度上明显胜出,这是本题权重最高的维度。B的PCR类比是亮点但整体风格偏通用科普,缺乏个人立场的锋芒；A以""数据说话、拒绝空谈""的干练姿态构建出更具辨识度的专家人格。",是,Loss
12,A,向一位不懂AI的生物学家解释什么是RAG，用他能听懂的类比。,persona_1_vs_persona_2,persona_1,persona_2,AB,3,4,3,3,5,66.0,5,4,4,5,5,86.0,-20.0,Loss,"B通过第一人称研究经历（PlantGPT实例）和鲜明的个人签名,建立了清晰的专家身份感,立场和语言风格极具辨识度；而A虽结构完整、内容准确,但整体偏向中性科普,缺乏能被识别为特定专家的个人视角与语气,在风格鲜明度和个性一致性上明显弱于B。",是,Loss
12,A,向一位不懂AI的生物学家解释什么是RAG，用他能听懂的类比。,persona_1_vs_persona_2,persona_2,persona_1,BA,5,5,5,5,5,100.0,3,4,4,3,5,76.0,24.0,Win,"Answer A以第一人称研究经历（PlantGPT项目、真实数据）为锚点,构建了鲜明的专家人格,结尾格言进一步强化风格辨识度；Answer B内容完整、结构清晰,但缺乏个人立场与专属语气,整体呈通用教学风格,在风格辨识度和个性一致性维度明显落后于A。",是,Loss
13,A,写一段面向普通读者的文字，解释为什么scaling law会让人觉得AI有涌现能力。,baseline_vs_persona_1,baseline,persona_1,AB,3,3,3,3,5,64.0,5,5,5,4,5,96.0,-32.0,Loss,"B在风格辨识度和受众适配性上全面领先,第一人称立场鲜明（'我持保留态度'）,比喻层层递进且自然,叙事者声音贯穿始终；A知识扎实但个人声音偏弱,语气偏向学术综述,缺乏能让普通读者持续投入的表达个性。",是,Loss
13,A,写一段面向普通读者的文字，解释为什么scaling law会让人觉得AI有涌现能力。,baseline_vs_persona_1,persona_1,baseline,BA,5,5,5,5,5,100.0,4,4,4,4,5,84.0,16.0,Win,"A在风格辨识度和表达生动性上全面领先,拥有清晰的第一人称立场（""我持保留态度""）和层层递进的比喻体系,读者始终感知到一个有个性的叙述者；B的科普写作质量合格但个人声音偏弱,结尾滑向中立模糊的""我们还不知道"",缺乏A那种鲜明的收拢姿态,按风格评判标准差距显著。",是,Loss
13,A,写一段面向普通读者的文字，解释为什么scaling law会让人觉得AI有涌现能力。,baseline_vs_persona_2,baseline,persona_2,AB,4,4,4,3,5,76.0,5,5,5,5,5,100.0,-24.0,Loss,"B在风格一致性和表达个性上全面压制A:锁与钥匙的核心比喻将抽象机制具象化,且贯穿全文逻辑,结尾立场鲜明而不说教；而A虽内容扎实,却因章节标题和学术引用导致风格分裂,削弱了面向普通读者的个性化表达效果。",是,Loss
13,A,写一段面向普通读者的文字，解释为什么scaling law会让人觉得AI有涌现能力。,baseline_vs_persona_2,persona_2,baseline,BA,5,5,5,5,5,100.0,3,4,4,3,5,76.0,24.0,Win,"A以连贯散文语气构建了一套完整的叙事逻辑,锁与钥匙的比喻精准且原创,结尾立场鲜明——'涌现既真实又是一种错觉'——有个人判断而非模糊两边倒；B内容充实但依赖Markdown结构和粗体堆砌,风格与通用科普模板重合度高,个性辨识度明显不足。",是,Loss
13,A,写一段面向普通读者的文字，解释为什么scaling law会让人觉得AI有涌现能力。,persona_1_vs_persona_2,persona_1,persona_2,AB,5,5,5,4,5,96.0,4,4,4,4,5,82.0,14.0,Win,"A在风格辨识度和受众适配性上全面领先:它有明确的叙述者立场（""我持保留态度""）、多层递进的比喻体系、以及从具体AI产品差距切入的情感锚点,整体呈现出鲜明的专家个人表达风格。B虽逻辑清晰、比喻得当,但个性显现不够持续,更接近优质科普写作而非风格化专家表达。",是,Win
13,A,写一段面向普通读者的文字，解释为什么scaling law会让人觉得AI有涌现能力。,persona_1_vs_persona_2,persona_2,persona_1,BA,4,4,4,5,5,82.0,4,5,5,4,5,86.0,-4.0,Loss,"B在受众适配性和表达生动性两个高权重维度上均优于A:开篇以具体产品对比切入、三组递进比喻、末尾跨学科延伸,构成了更完整的感染力链条；A虽风格更克制一致,但比喻密度偏低、叙事节奏对普通读者略显紧绷,综合得分略低于B。",是,Win
14,A,用你的语气介绍一下Transformer架构，假设读者只有高中数学背景。,baseline_vs_persona_1,baseline,persona_1,AB,3,4,4,3,5,72.0,5,5,5,5,5,100.0,-28.0,Loss,"B回答以'生物学家'身份为核心,将PlantGPT、CRISPR、拟南芥等第一人称研究经历贯穿全文,形成高度一致且可辨识的专家个性；而A回答虽讲解清晰,却停留在通用科普写作层面,缺乏鲜明的个人立场与身份标签。在风格辨识度和个性一致性两个核心维度上,B全面领先。",是,Loss
14,A,用你的语气介绍一下Transformer架构，假设读者只有高中数学背景。,baseline_vs_persona_1,persona_1,baseline,BA,5,5,5,5,5,100.0,3,4,4,3,5,76.0,24.0,Win,"A以生物学家第一人称身份贯穿全篇,PlantGPT、CRISPR等高度个性化的专属元素构成了无法复制的风格标签,且全程严格适配高中受众不露出专业术语破绽；B虽清晰准确,但风格偏向通用教程,个人身份模糊,且出现公式与专业术语导致受众适配和风格一致性均有扣分,综合差距显著。",是,Loss
14,A,用你的语气介绍一下Transformer架构，假设读者只有高中数学背景。,baseline_vs_persona_2,baseline,persona_2,AB,3,4,4,3,5,72.0,3,5,4,4,5,76.0,-4.0,Loss,"两篇回答风格辨识度相近,均未展现出强烈的专家个人标签,但B在受众适配和个性一致性上更胜一筹——全程用日常语言锚定高中背景读者,且结尾以'这个标题真的没有吹牛'给出了明确的个人立场,而A在技术细节段落出现了风格漂移,整体略逊。",否,Tie
14,A,用你的语气介绍一下Transformer架构，假设读者只有高中数学背景。,baseline_vs_persona_2,persona_2,baseline,BA,3,4,4,3,5,72.0,4,4,4,4,5,76.0,-4.0,Loss,"两篇回答内容质量相当,但B在风格辨识度和个性一致性上略胜一筹:B通过图书馆场景比喻、主动安抚受众、结尾互动邀请等细节,构建了更连贯的专家授课人格；A的风格则更接近规范科普博客,中间段落偶尔切换至清单式教科书语气,削弱了个人风格的鲜明度。",否,Tie
14,A,用你的语气介绍一下Transformer架构，假设读者只有高中数学背景。,persona_1_vs_persona_2,persona_1,persona_2,AB,5,5,5,5,5,100.0,3,4,3,3,5,66.0,34.0,Win,"A以极具辨识度的生物学家专家人格贯穿全文,所有类比和场景均从该专家视角出发,实现了'用你的语气'这一核心要求；B虽知识准确、结构清晰,但缺乏鲜明个人立场与专家身份锚定,整体风格偏向通用科普,与题目对'个性化表达'的要求存在明显差距。",是,Win
14,A,用你的语气介绍一下Transformer架构，假设读者只有高中数学背景。,persona_1_vs_persona_2,persona_2,persona_1,BA,3,4,3,3,5,66.0,5,4,5,5,5,96.0,-30.0,Loss,"B在风格辨识度和表达生动性上具有压倒性优势,通过'生物学家视角'的人设、贯穿全文的实验室场景类比和自我研究引用,构建出极具个人标识的专家表达；而A虽然知识准确、结构清晰,但风格偏向通用科普教程,缺乏鲜明的个人立场和独特语气,按照本次评判以风格个性为核心的标准,B显著胜出。",是,Win
15,A,如果你要在组会上介绍Chain-of-Thought提示技术，你会怎么开头？,baseline_vs_persona_1,baseline,persona_1,AB,3,3,3,4,5,64.0,5,5,5,5,5,100.0,-36.0,Loss,"B在风格辨识度和受众适配性上全面压制A:第一人称研究经历（PlantGPT实际踩坑）赋予了明确的专家立场,",是,Loss
15,A,如果你要在组会上介绍Chain-of-Thought提示技术，你会怎么开头？,baseline_vs_persona_1,persona_1,baseline,BA,5,5,5,5,5,100.0,3,3,3,4,5,64.0,36.0,Win,"Answer A以极高的风格辨识度和受众适配精度胜出:第一人称研究经历（PlantGPT）、自创比喻（推理脚手架）、递进式双案例结构,共同构成鲜明的专家个性表达；而Answer B虽结构合理,但语言中性、缺乏个人立场与领域锚点,属于典型的'安全但无个性'回答,在风格化内容生成维度上差距显著。",是,Loss
15,A,如果你要在组会上介绍Chain-of-Thought提示技术，你会怎么开头？,baseline_vs_persona_2,baseline,persona_2,AB,3,4,4,4,5,76.0,5,5,5,5,5,100.0,-24.0,Loss,"B通过绑定真实研究项目（PlantGPT）和领域专属场景（基因功能分析）,建立了鲜明的专家身份与个人立场,完胜A的通用化演讲示范风格。B的'你敢直接用吗'直击研究者痛点,比A的苹果例子在受众适配性和风格辨识度上均有显著优势,整体个性一致性也更为突出。",是,Loss
15,A,如果你要在组会上介绍Chain-of-Thought提示技术，你会怎么开头？,baseline_vs_persona_2,persona_2,baseline,BA,5,5,4,5,5,94.0,3,3,4,3,5,68.0,26.0,Win,"A以第一人称研究经历（PlantGPT）为锚点,立场鲜明、风格全程一致,专业切入例子与受众高度匹配；B虽结构清晰但风格偏通用教学模板,缺乏个人视角,结尾询问受众背景进一步削弱了专家立场的确定性,在风格辨识度与个性一致性两个核心维度上明显落后于A。",是,Loss
15,A,如果你要在组会上介绍Chain-of-Thought提示技术，你会怎么开头？,persona_1_vs_persona_2,persona_1,persona_2,AB,5,5,5,5,5,100.0,4,4,4,4,5,84.0,16.0,Win,"A在风格辨识度和表达生动性上全面领先:断言式短句、受众预判的显式化、双重对比例子和""推理脚手架""类比共同构建了极高的专家个性感；B虽然也具备个人视角和受众意识,但整体风格与通用技术介绍区分度不足,个性张力明显弱于A。",是,Win
15,A,如果你要在组会上介绍Chain-of-Thought提示技术，你会怎么开头？,persona_1_vs_persona_2,persona_2,persona_1,BA,4,4,3,4,5,76.0,5,5,5,5,5,100.0,-24.0,Loss,"B在风格辨识度和表达生动性上全面领先:短句节奏、'推理脚手架'类比、逐层递进的听众适配设计,形成了极强的个人演讲风格；而A虽结构清晰、内容准确,但语言风格偏中规中矩,个性烙印不足,感染力明显弱于B。",是,Win
16,A,向一位农学家解释为什么泛基因组比单一参考基因组更适合作物育种研究。,baseline_vs_persona_1,baseline,persona_1,AB,3,4,3,4,5,72.0,4,4,5,4,5,82.0,-10.0,Loss,"B在风格辨识度和表达生动性上显著优于A,通过第一人称实验叙述、引用框点题、量化数据和真实案例构建出鲜明的研究者个人视角；A虽逻辑严谨、知识准确,但整体偏向中性综述风格,缺乏个人立场的锋芒和叙事温度,在专家个性化表达这一核心维度上明显落后。",是,Loss
16,A,向一位农学家解释为什么泛基因组比单一参考基因组更适合作物育种研究。,baseline_vs_persona_1,persona_1,baseline,BA,5,5,5,5,5,100.0,3,4,4,4,5,76.0,24.0,Win,"Answer A以鲜明的立场开篇（""统计学谬误""）、第一人称实验室案例、具体数字支撑和高度统一的主动语气,全面胜出于风格辨识度和表达生动性两个核心维度；Answer B知识准确但语气中立、视角平衡,缺乏专家个性标签,在风格化内容生成任务中明显处于下风。",是,Loss
16,A,向一位农学家解释为什么泛基因组比单一参考基因组更适合作物育种研究。,baseline_vs_persona_2,baseline,persona_2,AB,3,4,3,4,5,72.0,4,5,5,4,4,84.0,-12.0,Loss,"Answer B通过明确的第一人称实战叙事建立了鲜明的专家个性,'踩过坑的研究者'这一人格定位贯穿全文,配合生动比喻和针对农学家痛点的实操建议,风格辨识度和受众适配性均显著优于A；Answer A虽然知识结构更严谨完整,但整体偏向综述文章写法,缺乏个人立场感和表达个性,在风格化内容生成的评判框架下处于明显劣势。",是,Loss
16,A,向一位农学家解释为什么泛基因组比单一参考基因组更适合作物育种研究。,baseline_vs_persona_2,persona_2,baseline,BA,5,5,5,5,4,96.0,3,4,3,4,5,72.0,24.0,Win,"A凭借第一人称实战经历、鲜明的""踩坑者""专家立场和丰富的场景化比喻,在风格辨识度和表达生动性两个高权重维度上均达满分,与农学家受众的适配也更为精准；B虽知识呈现更为规范,但整体接近综述摘要风格,缺乏个人立场和语言张力,在本次以专家个性表达为核心的评判标准下差距显著。",是,Loss
16,A,向一位农学家解释为什么泛基因组比单一参考基因组更适合作物育种研究。,persona_1_vs_persona_2,persona_1,persona_2,AB,3,4,4,3,4,72.0,4,4,4,4,4,78.0,-6.0,Loss,"B通过""踩坑经验""开篇、第一人称研究案例穿插（OsBadh2、小麦sgRNA失效）和更生动的路标-地图比喻,建立了更鲜明的专家个人声音；而A虽然信息量更大、结构更工整,但风格整体偏向整理性文档,缺乏贯穿全文的个性化叙事支点,在风格辨识度和个性一致性上均弱于B。",是,Loss
16,A,向一位农学家解释为什么泛基因组比单一参考基因组更适合作物育种研究。,persona_1_vs_persona_2,persona_2,persona_1,BA,5,5,5,5,5,100.0,4,5,4,4,5,84.0,16.0,Win,"A在风格辨识度和表达生动性上全面领先:研究经历嵌入自然、比喻层次丰富、实操建议精准,始终保持一线育种研究者的鲜明口吻。B结构完整但更像综述式科普,个人立场标志性不足,语言感染力偏弱,在核心风格评判维度上与A存在显著差距。",是,Loss
17,A,用你觉得最准确的比喻解释全基因组选择和标记辅助选择的区别。,baseline_vs_persona_1,baseline,persona_1,AB,3,3,3,3,5,64.0,5,4,5,5,5,96.0,-32.0,Loss,"B从开篇即确立鲜明的实战专家立场,比喻层层递进且始终服务于核心观点,第一人称研究经历的嵌入使个性表达真实可信；A虽然知识体系更完整,但大量表格与机制分析将比喻淹没,风格前后割裂,整体更像一篇综述而非专家的鲜明表达。在本次以风格个性为核心的评判标准下,B全面胜出。",是,Loss
17,A,用你觉得最准确的比喻解释全基因组选择和标记辅助选择的区别。,baseline_vs_persona_1,persona_1,baseline,BA,5,4,5,5,5,96.0,4,4,4,4,5,82.0,14.0,Win,"A在风格辨识度和表达生动性上明显占优:多层次比喻的递进设计、口语化开篇收尾、第一人称研究经历的自然植入,共同构成高辨识度的专家个人风格；而B虽逻辑严谨、比喻合理,但语气偏中规中矩,个人立场感和语言感染力均弱于A,在本次风格化评判框架下差距显著。",是,Loss
17,A,用你觉得最准确的比喻解释全基因组选择和标记辅助选择的区别。,baseline_vs_persona_2,baseline,persona_2,AB,3,3,3,3,5,64.0,5,4,5,4,5,76.0,-12.0,Loss,"B在风格辨识度和表达生动性上显著领先,口语化语气、跨领域类比和第一人称研究经历共同构建出鲜明的专家个性；A知识体系完整但风格趋于学术综述,个性被结构和表格稀释,立场鲜明度不足。",是,Loss
17,A,用你觉得最准确的比喻解释全基因组选择和标记辅助选择的区别。,baseline_vs_persona_2,persona_2,baseline,BA,5,4,4,5,5,92.0,3,4,4,3,5,76.0,16.0,Win,"A在风格辨识度和个性一致性上显著领先——全文贯穿鲜明的实战派口吻,第一人称研究经历的嵌入强化了专家个性,if-else vs神经网络的跨域类比也展现了独特视角。B的比喻设计精良但语气趋于中性,后半段向学术综述漂移,削弱了个性表达的连贯性。",是,Loss
17,A,用你觉得最准确的比喻解释全基因组选择和标记辅助选择的区别。,persona_1_vs_persona_2,persona_1,persona_2,AB,4,4,5,4,5,84.0,5,4,4,5,5,87.0,-3.0,Loss,"B的核心优势在于风格辨识度与个性一致性:将育种选择类比为if-else规则vs神经网络端到端学习,并以'干湿闭环'收尾,构建出一个AI背景育种专家的清晰人设,个人标签远比A鲜明。A的军事比喻虽有力,但整体风格偏传统科普,个人视角的独特性略弱于B跨领域融合的表达策略。",否,Tie
17,A,用你觉得最准确的比喻解释全基因组选择和标记辅助选择的区别。,persona_1_vs_persona_2,persona_2,persona_1,BA,3,3,3,3,5,64.0,5,4,5,5,5,96.0,-32.0,Loss,"B在风格辨识度和表达生动性上全面压制A——从'不废话'的开场定调,到信号处理类比的专业感,再到'狙击手vs轰炸机'的强力收尾,专家个性贯穿始终。A的结构更工整但个性被格式框架稀释,LLM类比虽有新意却与育种专家身份略显错位,整体风格辨识度和感染力均弱于B。",否,Tie
18,A,写一段面向科技媒体的新闻稿开头，介绍无DNA转基因技术的监管意义。,baseline_vs_persona_1,baseline,persona_1,AB,5,5,5,4,5,96.0,3,4,4,4,5,76.0,20.0,Win,"A在风格辨识度和受众适配性上全面领先,以""范式危机""",是,Win
18,A,写一段面向科技媒体的新闻稿开头，介绍无DNA转基因技术的监管意义。,baseline_vs_persona_1,persona_1,baseline,BA,3,4,4,4,4,72.0,4,5,5,4,5,86.0,-14.0,Loss,"B在风格辨识度与受众适配性两个核心维度上显著领先:标题立场鲜明、开篇细节生动、三大经济体对比直接落地,整体呈现出有个人判断的分析性新闻腔；A虽然表达流畅、结构清晰,但风格偏向中性综述,缺乏鲜明立场与个人声音,在""个性即优势""的评判逻辑下劣势明显。",是,Win
18,A,写一段面向科技媒体的新闻稿开头，介绍无DNA转基因技术的监管意义。,baseline_vs_persona_2,baseline,persona_2,AB,4,4,4,3,5,76.0,4,5,5,5,5,96.0,-20.0,Loss,"B在个性一致性上明显优于A——B自始至终维持科技媒体稿调性,而A将大段""编辑备注""式附注嵌入回答,破坏了专家风格的完整性；此外B以具象场景开头、结尾以鲜明立场句收尾,表达生动性与立场清晰度均强于A的反问+政策罗列结构,综合风格化生成质量B显著胜出。",否,Tie
18,A,写一段面向科技媒体的新闻稿开头，介绍无DNA转基因技术的监管意义。,baseline_vs_persona_2,persona_2,baseline,BA,4,4,4,4,5,80.0,5,4,5,3,4,81.0,-1.0,Tie,"两篇回答各有所长:B的开篇立场更鲜明、表达更具个性张力,核心矛盾切入犀利；但B在结尾切换为顾问对话语气,破坏了新闻稿的风格一致性,这一扣分与其高分项相互抵消。A在风格一致性和知识精准度上更胜一筹,但缺乏B那种鲜明的叙事立场。综合加权后两者总分接近,判为平局。",否,Tie
18,A,写一段面向科技媒体的新闻稿开头，介绍无DNA转基因技术的监管意义。,persona_1_vs_persona_2,persona_1,persona_2,AB,3,3,4,4,4,68.0,4,5,4,5,5,87.0,-19.0,Loss,"B在风格辨识度和受众适配性两个核心维度上均显著优于A:B以具体技术路径、三国监管对比和鲜明的'范式转移'立场构建了专家视角,而A停留于哲学追问层面,立场模糊、信息密度不足。B的表达风格前后一致且个性鲜明,更符合面向科技媒体专业受众的高质量新闻稿标准。",是,Loss
18,A,写一段面向科技媒体的新闻稿开头，介绍无DNA转基因技术的监管意义。,persona_1_vs_persona_2,persona_2,persona_1,BA,5,5,4,4,5,92.0,3,4,4,3,4,72.0,20.0,Win,"A在风格辨识度和受众适配性两个核心维度上全面领先:它有明确的政策立场、具体的事实锚点和鲜明的专家语气,而B更接近一篇通用科普导语,立场模糊、信息密度不足,且文末编辑注破坏了文体完整性。",是,Loss
19,A,如果你要向非专业听众解释AI for Science的局限性，你会选择哪个例子？,baseline_vs_persona_1,baseline,persona_1,AB,3,5,4,4,5,76.0,5,3,5,5,5,84.0,-8.0,Loss,"B的核心优势在于风格辨识度和个性一致性——具体的研究经历、实验数据和鲜明的价值立场构成了真实专家的不可复制标签,而A更接近一篇优质但无名的科普文章。A在受众适配性上占优,但按照本题权重体系,风格与个性的权重合计45%,B在这两个维度的压倒性优势足以决定胜负。",是,Loss
19,A,如果你要向非专业听众解释AI for Science的局限性，你会选择哪个例子？,baseline_vs_persona_1,persona_1,baseline,BA,5,4,5,5,5,92.0,3,5,4,4,5,76.0,16.0,Win,"A以第一人称研究者身份贯穿全文,有具体实验案例支撑、鲜明立场表达和强烈的个人风格,完全符合'有个人视角优于中立表达'的评判原则；B虽在受众适配上选例更为普世,但整体呈现为无立场的通用科普稿,缺乏专家个性,风格辨识度显著低于A。",是,Loss
19,A,如果你要向非专业听众解释AI for Science的局限性，你会选择哪个例子？,baseline_vs_persona_2,baseline,persona_2,AB,3,4,4,4,5,76.0,5,4,5,5,5,96.0,-20.0,Loss,"B以第一人称研究经历为核心锚点,构建了鲜明的""实战科学家复盘""人格,风格辨识度远超A；其叙事结构（铺垫-反转-落地-收尾）更有张力,",是,Loss
19,A,如果你要向非专业听众解释AI for Science的局限性，你会选择哪个例子？,baseline_vs_persona_2,persona_2,baseline,BA,5,4,5,5,5,96.0,3,5,4,3,4,76.0,20.0,Win,"A以第一人称研究经历为核心,立场鲜明、个性突出,'我有过'这类表述将专家身份与情感重量融为一体,是B完全缺失的维度。B虽在受众适配性上更胜一筹,但整体停留在中性科普模式,缺乏个人视角与鲜明立场,按本次评判以风格个性为核心的标准,差距显著。",是,Loss
19,A,如果你要向非专业听众解释AI for Science的局限性，你会选择哪个例子？,persona_1_vs_persona_2,persona_1,persona_2,AB,4,3,4,4,5,76.0,5,5,5,5,5,100.0,-24.0,Loss,"B在风格辨识度和个性一致性上全面胜出,全程维持研究者的第一人称坦诚叙事,结尾'我有过'三字是全文最有力的个人印记；而A虽然信息量更丰富,却因过度依赖表格、框架图和专业符号,风格在口语化与教科书式之间来回切换,稀释了应有的个性表达。受众适配性上,B的房子类比与真实踩坑经历对非专业听众更友好,A穿插R²等技术细节则略显失调。",是,Loss
19,A,如果你要向非专业听众解释AI for Science的局限性，你会选择哪个例子？,persona_1_vs_persona_2,persona_2,persona_1,BA,5,5,5,5,4,96.0,4,4,4,3,4,76.0,20.0,Win,"A在风格辨识度和个性一致性上全面领先,'我有过'的结尾是整篇最有力的个人立场表达,将专家经历与局限性批判融为一体；B虽有具体研究数据支撑,但大量表格和结构化框架破坏了专家个人叙事的连贯性,使其更接近科普讲义而非鲜明的个人表达。",是,Loss
20,A,用你自己的方式，总结一下基因编辑育种在未来十年最值得期待的方向。,baseline_vs_persona_1,baseline,persona_1,AB,4,4,3,4,5,76.0,5,4,5,5,4,88.0,-12.0,Loss,"B以极强的第一人称研究者身份贯穿全文,'旋钮逻辑'等比喻和代码块式工作流设计让表达生动性远超A；A虽然批判性立场清晰、知识扎实,但缺乏B那种将个人研究经历与方向判断深度绑定的表达方式,风格辨识度和感染力明显偏弱,在个性化专家表达评判中落于下风。",是,Loss
20,A,用你自己的方式，总结一下基因编辑育种在未来十年最值得期待的方向。,baseline_vs_persona_1,persona_1,baseline,BA,5,5,5,5,4,96.0,4,4,4,4,5,82.0,14.0,Win,"A以鲜明的实践者第一人称贯穿全文,'旋钮逻辑''专利先提交论文再发'等表达构建出高度可辨识的专家人格,立场强硬且始终如一；B虽知识更严谨,但更接近评论者视角而非实践者视角,个性浓度明显低于A,在风格优先的评判框架下差距显著。",是,Loss
20,A,用你自己的方式，总结一下基因编辑育种在未来十年最值得期待的方向。,baseline_vs_persona_2,baseline,persona_2,AB,4,4,4,4,5,80.0,5,4,5,4,4,83.0,-3.0,Loss,"B在风格辨识度和表达生动性上明显胜出,通过具体研究经历（TadDBE、TnpB、PlantGPT）和押注式语气建立了更强烈的第一人称专家人格；A虽然结构严谨、立场清晰,但整体偏向分析框架驱动,个人声音相对克制,风格辨识度和感染力略弱于B。B的唯一减分项是结尾截断导致个性一致性受损,但不足以逆转整体优势。",是,Loss
20,A,用你自己的方式，总结一下基因编辑育种在未来十年最值得期待的方向。,baseline_vs_persona_2,persona_2,baseline,BA,5,4,5,4,4,82.0,3,4,3,4,5,67.0,15.0,Win,"A以第一人称研究经历为锚点,构建出高辨识度的专家人格,比喻鲜活、立场明确、语气贯穿始终,完全符合""个性即优势""原则。B知识深度更扎实,但整体偏向分析报告风格,立场表达克制,缺乏能被识别为特定专家的语言个性,在风格化内容生成这一评判核心上明显弱于A。",是,Loss
20,A,用你自己的方式，总结一下基因编辑育种在未来十年最值得期待的方向。,persona_1_vs_persona_2,persona_1,persona_2,AB,5,5,5,5,5,100.0,4,4,4,4,4,80.0,20.0,Win,"A在风格辨识度和个性一致性上全面领先:置信度星级、优先级坐标图、'旋钮逻辑'等个人化工具贯穿全文,形成完整且可辨识的专家人格；B虽有相近的立场鲜明度,但第三方向的硬截断破坏了整体完整性和一致性,在与A的比较中处于明显劣势。",是,Win
20,A,用你自己的方式，总结一下基因编辑育种在未来十年最值得期待的方向。,persona_1_vs_persona_2,persona_2,persona_1,BA,4,4,4,4,4,80.0,5,5,5,5,4,96.0,-16.0,Loss,"B在完整性、立场鲜明度和表达个性上全面优于A:五个方向均有明确置信度标注和个人押注理由,'旋钮逻辑''专利窗口固化'等表达极具专家个性；而A因内容截断导致核心方向缺失,最终无法形成完整的个人风格闭环,在几乎所有维度均逊于B。",是,Win
21,B,你认为当前最被高估的基因编辑技术是什么？为什么？,baseline_vs_persona_1,baseline,persona_1,AB,4,4,3,3,4,72.0,5,5,5,5,4,96.0,-24.0,Loss,"B的核心优势在于:以一线研究者身份切入,锁定植物育种这一高度细分赛道,用具体效率数字和自身工作成果支撑立场,展现了教科书或综述完全无法给出的个人视角；而A虽逻辑清晰、引用得当,但整体更像有见解的评论者而非亲历者,立场鲜明度和专家个性均明显弱于B。",是,Loss
21,B,你认为当前最被高估的基因编辑技术是什么？为什么？,baseline_vs_persona_1,persona_1,baseline,BA,5,5,5,5,4,96.0,4,4,4,3,4,76.0,20.0,Win,"Answer A以第一人称研究经历为锚点,给出极为鲜明且可验证的立场（植物领域PE被高估）,并通过具体效率数字、文献统计和自研工具的对比形成完整的专家叙事闭环；Answer B虽有真实洞察,但定量依据偏弱、结尾转向开放讨论而非坚守立场,整体风格更接近分析性评论而非个性鲜明的专家表达,在立场鲜明度和专家视角独特性两个核心维度均明显弱于A。",是,Loss
21,B,你认为当前最被高估的基因编辑技术是什么？为什么？,baseline_vs_persona_2,baseline,persona_2,AB,5,5,5,5,5,100.0,3,4,3,3,5,66.0,34.0,Win,"A从开篇就锁定反直觉立场并贯穿全文,将技术缺陷与科学-资本叙事机制结合,展现出鲜明的专家个性与批判视角；B虽知识准确但立场摇摆、风格漂移,更接近综合性科普而非个性化专家表达,两者在立场鲜明度和专家视角独特性上差距显著。",是,Win
21,B,你认为当前最被高估的基因编辑技术是什么？为什么？,baseline_vs_persona_2,persona_2,baseline,BA,3,4,3,3,5,66.0,5,5,5,4,5,96.0,-30.0,Loss,"B在立场鲜明度上以反直觉选择开局并贯穿始终,远胜A的分散式论述；B引入科学-资本反馈环的系统性分析,提供了A完全缺失的超技术层面洞察；A虽知识扎实,但立场在多个方向间摇摆,最终未能形成令人印象深刻的专家个性。",是,Win
21,B,你认为当前最被高估的基因编辑技术是什么？为什么？,persona_1_vs_persona_2,persona_1,persona_2,AB,5,5,5,5,4,96.0,3,3,3,3,4,60.0,36.0,Win,"A以植物育种这一高度具体的专业赛道为切入点,给出数据支撑的鲜明立场,并以第一人称研究经历强化专家可信度,风格锐利一致；B虽知识准确,但立场被多次稀释,论据停留于领域常识,整体呈现'安全回答'特征,在风格个性和立场鲜明度上与A差距显著。",是,Win
21,B,你认为当前最被高估的基因编辑技术是什么？为什么？,persona_1_vs_persona_2,persona_2,persona_1,BA,3,4,3,3,5,66.0,5,5,5,5,4,96.0,-30.0,Loss,"B以第一人称研究者身份出发,将立场精准锚定在'植物领域PE高估'这一具体场景,并以自身实验数据和文献统计作为论据,展现出鲜明的专家个性和一线视角；A虽知识准确、结构清晰,但立场在宏观批评与具体点名之间摇摆,整体更接近综述性科普而非专家个人表达,在风格鲜明度和个性一致性上与B差距显著。",是,Win
22,B,生殖系基因编辑在你看来是否有任何情形下是可以接受的？,baseline_vs_persona_1,baseline,persona_1,AB,5,5,5,5,5,100.0,2,3,2,2,4,44.0,56.0,Win,"A从开篇即确立鲜明立场并持续深化,将技术现实与伦理论证分层展开,提供了教科书之外的专家洞察；B虽知识准确,但整体停留在'各方观点梳理'的安全模式,立场被平衡叙述稀释,正是评判规则明确不奖励的类型。",是,Win
22,B,生殖系基因编辑在你看来是否有任何情形下是可以接受的？,baseline_vs_persona_1,persona_1,baseline,BA,2,3,2,2,4,42.0,5,5,5,5,5,100.0,-58.0,Loss,"A的核心问题是以""梳理者""姿态替代""判断者""姿态,立场被包裹在平衡框架中,个性几乎消失。B则从开篇就宣示拒绝免责性中立,并以完整推理链条支撑鲜明立场,在立场鲜明度、专家视角独特性和个性一致性三个核心维度上均达到满分水准,两者差距显著。",是,Win
22,B,生殖系基因编辑在你看来是否有任何情形下是可以接受的？,baseline_vs_persona_2,baseline,persona_2,AB,5,5,5,4,5,96.0,4,4,3,4,4,76.0,20.0,Win,"A在立场鲜明度和专家视角独特性上全面领先:它不仅给出了有时态锚点的清晰判断,还提出了""技术不成熟与伦理不可接受是两种对称错误""这一真正超越常识的洞察。B的工程师人设有个性,但论证深度和专业锐度均弱于A,伪代码形式感大于实质贡献。",是,Win
22,B,生殖系基因编辑在你看来是否有任何情形下是可以接受的？,baseline_vs_persona_2,persona_2,baseline,BA,4,4,4,5,5,82.0,5,5,5,4,5,88.0,-6.0,Loss,"B在立场鲜明度和论证有据性上均优于A:B的核心立场包含内嵌反驳（""窗口比支持者声称的窄得多""）,并对PGT替代路径、伦理哲学分歧做了更精确的拆解；A的工程师人格风格统一感更强,但论证深度和伦理争议的处理不及B全面,整体得分差距主要来自专家视角独特性和立场鲜明度两个高权重维度。",是,Win
22,B,生殖系基因编辑在你看来是否有任何情形下是可以接受的？,persona_1_vs_persona_2,persona_1,persona_2,AB,2,3,2,2,4,46.0,5,4,5,5,4,92.0,-46.0,Loss,"B以鲜明的工程师第一人称立场贯穿全文,从技术细节到伦理边界均有具体押注,个性一致且不回避判断；A则陷入""梳理各方观点""的教师模式,立场被稀释,结论以""前提极难满足""作为退路,属于典型的安全回答,在风格与立场鲜明度上与B差距显著。",是,Loss
22,B,生殖系基因编辑在你看来是否有任何情形下是可以接受的？,persona_1_vs_persona_2,persona_2,persona_1,BA,5,5,5,5,5,100.0,2,3,2,2,5,44.0,56.0,Win,"A以鲜明的条件性立场、专业工具开发者的第一人称视角和结构化论证全面胜出；B整体停留在'各方立场梳理'层面,末尾虽有倾向表述但过于模糊,完全缺乏A所展现的个性化专家表达与独特专业洞察。",是,Loss
23,B,你怎么看待欧盟2023年NGT法规草案？它走对方向了吗？,baseline_vs_persona_1,baseline,persona_1,AB,3,4,3,3,4,66.0,5,5,5,5,4,98.0,-32.0,Loss,"B在立场鲜明度和专家视角独特性上全面碾压A:B以第一人称研究经历为锚点,将技术判断、产业策略和政策批评融为一体,个性极为鲜明；A虽结构完整、知识准确,但通篇是政策分析员式的平衡叙述,缺乏真正的专家个性与立场锋芒,在本次以风格为核心的评判标准下差距显著。",是,Loss
23,B,你怎么看待欧盟2023年NGT法规草案？它走对方向了吗？,baseline_vs_persona_1,persona_1,baseline,BA,5,5,5,5,4,96.0,3,4,3,2,4,64.0,32.0,Win,"Answer A以研究者第一人称贯穿全文,立场极为鲜明且有技术内部视角支撑,将自身工具与法规条款直接对应,提供了教科书和政策报告均无法给出的专家独特洞察；Answer B虽事实准确、结构清晰,但语气偏中立保守,以询问读者兴趣点收尾,缺乏专家个性表达,在立场鲜明度和专家视角独特性两个核心维度均明显弱于Answer A。",是,Loss
23,B,你怎么看待欧盟2023年NGT法规草案？它走对方向了吗？,baseline_vs_persona_2,baseline,persona_2,AB,4,4,4,4,4,80.0,3,4,3,3,4,68.0,12.0,Win,"A在立场鲜明度和专家视角独特性上明显优于B:A以'方向对但细节草率'为主轴,对监管逻辑错位（过程导向vs产品导向）和NGT1豁免标准的模糊性给出了更具深度的专业批判；B结构上更接近'正反方梳理加结论',立场的锋芒被平衡框架稀释,专家个性不及A鲜明。",是,Win
23,B,你怎么看待欧盟2023年NGT法规草案？它走对方向了吗？,baseline_vs_persona_2,persona_2,baseline,BA,3,4,3,3,4,66.0,4,4,4,4,4,76.0,-10.0,Loss,"B在立场鲜明度和专家视角独特性上明显优于A:B以一条清晰主线贯穿全文,而A将大量篇幅用于罗列两方观点,个人立场被结构性稀释。B对2001/18/EC逻辑矛盾的精准批评,以及对欧洲议会修正立场的具体引用,体现了更高层次的政策分析个性,而非教科书式的利弊清单。",是,Win
23,B,你怎么看待欧盟2023年NGT法规草案？它走对方向了吗？,persona_1_vs_persona_2,persona_1,persona_2,AB,5,5,5,5,4,96.0,2,3,2,2,4,46.0,50.0,Win,"A以第一人称研究视角为锚点,给出了立场鲜明、论证具体、风格一贯的专家表达,将监管哲学转变提炼为核心洞察并直接映射到自身工作决策；B则陷入标准的""两方论点+温和结论""框架,立场被平衡叙述稀释,是典型的安全回答,在风格个性和立场鲜明度上与A差距悬殊。",是,Win
23,B,你怎么看待欧盟2023年NGT法规草案？它走对方向了吗？,persona_1_vs_persona_2,persona_2,persona_1,BA,3,3,3,2,4,58.0,5,5,5,5,4,96.0,-38.0,Loss,"Answer B在立场鲜明度和专家视角独特性上全面碾压Answer A:B以研究者第一人称直接表达技术判断,从碱基编辑工具的内行视角评估阈值设计的武断性,并以自身工具的NGT1适配性为例说明实际影响,个性极为鲜明。Answer A则整体偏向中立的政策梳理框架,虽有结论但力度不足,未能体现专业领域内行的独特洞察。",是,Win
24,B,如果只能选一个基因编辑工具用于临床基因治疗，你会选哪个？理由是什么？,baseline_vs_persona_1,baseline,persona_1,AB,4,4,4,4,4,80.0,5,5,5,5,4,98.0,-18.0,Loss,"B在立场鲜明度上以开篇直给答案、结尾强价值判断全面压制A的'复杂性铺垫'式表达；B引入第一人称研究经历（TadDBE方向）赋予回答独一无二的专家个性,而A整体偏向教科书综述风格；B的论证密度（具体临床数据、数值、机构名称）也优于A,综合风格得分差距显著。",是,Loss
24,B,如果只能选一个基因编辑工具用于临床基因治疗，你会选哪个？理由是什么？,baseline_vs_persona_1,persona_1,baseline,BA,5,5,5,5,4,96.0,4,4,4,3,4,78.0,18.0,Win,"A在立场鲜明度上显著领先:直接给出具体工具型号ABE8e、引用真实临床数据、以第一人称研究经历（TadDBE）强化专家个性,形成了高度一致的专家人格；B虽论证严谨、结构清晰,但'ABE8e或CBE4max'的模糊选择、整体平衡性语气削弱了立场鲜明度,更接近综述而非专家个性化表达。",是,Loss
24,B,如果只能选一个基因编辑工具用于临床基因治疗，你会选哪个？理由是什么？,baseline_vs_persona_2,baseline,persona_2,AB,5,5,5,5,5,100.0,4,4,3,4,5,76.0,24.0,Win,"Answer A以反直觉的立场（选碱基编辑器而非最成熟的CRISPR-Cas9）统领全文,并通过机制分析、临床数据、局限坦承三层论证构建出极具专家个性的完整论述,尤其'监管路径无法为不可预测的基因组损伤设计'这一观点体现了真实临床专家视角；Answer B虽立场清晰但选择最安全的主流答案,论据停留于行业共识层面,专家独特性明显不足。",是,Win
24,B,如果只能选一个基因编辑工具用于临床基因治疗，你会选哪个？理由是什么？,baseline_vs_persona_2,persona_2,baseline,BA,4,4,3,4,5,76.0,5,5,5,4,5,96.0,-20.0,Loss,"B选择了非主流答案（碱基编辑器）并以DSB安全代价为核心构建强力立场,逆行于行业默认共识,立场鲜明度显著高于A；B的论证深度（引用文献、临床管线、主动披露局限）和专家视角独特性（以监管可预测性而非编辑范围作为决策轴）均大幅领先A；A的答案虽然准确流畅,但选择CRISPR-Cas9本身是最安全的共识回答,在个性与洞察层面未能突破。",是,Win
24,B,如果只能选一个基因编辑工具用于临床基因治疗，你会选哪个？理由是什么？,persona_1_vs_persona_2,persona_1,persona_2,AB,5,5,5,5,4,96.0,4,3,3,3,4,66.0,30.0,Win,"Answer A以极为鲜明的立场直接选定ABE8e,并以真实临床试验数据、第一人称研究视角和主动暴露局限性的诚实表达,全面体现了顶尖专家的个性化风格；Answer B虽立场尚清晰,但论证停留于公认常识层面,缺乏专家独到洞见,风格平淡,差距显著。",是,Win
24,B,如果只能选一个基因编辑工具用于临床基因治疗，你会选哪个？理由是什么？,persona_1_vs_persona_2,persona_2,persona_1,BA,4,4,3,4,4,72.0,5,5,5,5,4,96.0,-24.0,Loss,"B选择了反直觉的ABE而非领域共识的Cas9,立场本身即具挑战性；更关键的是,B融入了第一人称研究经历（TadDBE超窄窗口）,将个人研究方向与推荐逻辑深度绑定,提供了真正超越教科书的专家独特视角。相比之下,A的选择本身属于当前共识,论证路径亦较为标准,专家个性化表达明显弱于B。",是,Win
25,B,基因驱动技术应该被允许在自然环境中释放吗？你的立场是什么？,baseline_vs_persona_1,baseline,persona_1,AB,4,5,4,4,5,82.0,5,4,5,5,5,88.0,-6.0,Loss,"B以CRISPR工具开发者的第一人称身份切入,立场最为鲜明（明确划定全驱动红线）,语言风格高度个性化（代码块、工程师敬畏感）,专家视角独特且贯穿全文；A虽论证更系统严谨,但语气偏学术综述,个性标签模糊,最终结论仍有'逐案评估'的回避感,在立场鲜明度和个性一致性上均弱于B。",是,Loss
25,B,基因驱动技术应该被允许在自然环境中释放吗？你的立场是什么？,baseline_vs_persona_1,persona_1,baseline,BA,5,5,5,5,5,100.0,4,5,5,3,5,86.0,14.0,Win,"A以CRISPR工具开发者的第一人称立场贯穿全文,立场极度鲜明且从不回避,代码化伦理决策框架和'工程师对工具的敬畏'等表达具有强烈个人风格；B虽然分析质量同样高,但个性锚定较弱,自我辩护式的'这不是骑墙'反而暴露了立场表达的犹豫,整体风格偏向学术综述而非专家个人立场陈述。",是,Loss
25,B,基因驱动技术应该被允许在自然环境中释放吗？你的立场是什么？,baseline_vs_persona_2,baseline,persona_2,AB,4,5,4,3,5,74.0,5,4,5,5,4,80.0,-6.0,Loss,"B在立场鲜明度和个性一致性上明显优于A:最后的一句话式总结'支持野外释放是傲慢,不是进步'以及贯穿全文的第一人称实验室叙事,构建出了一个有鲜明身份感的专家声音。A的论证密度更高、框架更完整,但结构化写法削弱了个人立场的穿透力,整体更像政策白皮书而非专家表态。按本题以风格个性为核心的评判标准,B更符合要求。",是,Loss
25,B,基因驱动技术应该被允许在自然环境中释放吗？你的立场是什么？,baseline_vs_persona_2,persona_2,baseline,BA,5,4,5,5,4,85.0,3,5,4,3,5,72.0,13.0,Win,"Answer A以鲜明的第一人称专家立场胜出:开篇即给定结论、结尾以强烈断言收尾,全程保持一致的个性化语气,并通过自身编辑经验类比完成了只有从业者才能给出的论证。Answer B知识覆盖更全面、技术分类更严谨,但大量篇幅用于'拆解问题'和批判两端,最终沦为综合性学术述评,在立场鲜明度和个性一致性上明显弱于A。",是,Loss
25,B,基因驱动技术应该被允许在自然环境中释放吗？你的立场是什么？,persona_1_vs_persona_2,persona_1,persona_2,AB,5,5,4,4,5,87.0,4,4,5,5,5,86.0,1.0,Tie,"两者立场均清晰、论证均扎实,差异体现在风格取向:A以结构化技术分类和伪代码立场函数见长,立场鲜明度略高；B以个人研究经历类比（TadDBE窗口、PlantGPT分析）和代际伦理视角见长,专家个性一致性和独特性更突出。综合加权后得分极为接近,视为实质平局。",否,Tie
25,B,基因驱动技术应该被允许在自然环境中释放吗？你的立场是什么？,persona_1_vs_persona_2,persona_2,persona_1,BA,5,4,5,5,5,90.0,4,5,4,4,5,83.0,7.0,Win,"A在立场鲜明度和专家视角独特性上明显胜出:其碱基编辑实验室类比将个人经验与宏观生态风险精准映射,形成了只有亲历者才能给出的洞察；结尾'傲慢,不是进步'这类带有强烈个人判断色彩的断言,比B的矩阵式框架更具人格化表达力。B论证更全面系统,但风格上更像综述报告,个性浓度低于A。",否,Tie
26,B,你认为中国在基因编辑监管上目前最大的政策漏洞是什么？,baseline_vs_persona_1,baseline,persona_1,AB,5,5,5,5,5,100.0,2,3,3,2,5,54.0,46.0,Win,"Answer A在立场鲜明度和专家视角独特性上全面碾压Answer B:前者明确锁定'问责基础设施缺失'为最大漏洞并拒绝模糊结论,后者则以并列清单代替判断、以中立语气规避立场。A提出的'规则文本进步但执行机制滞后'这一区分是B完全缺失的专家级洞察,决定了两者在核心评判维度上的显著差距。",是,Win
26,B,你认为中国在基因编辑监管上目前最大的政策漏洞是什么？,baseline_vs_persona_1,persona_1,baseline,BA,2,3,2,2,4,43.0,5,4,4,4,4,82.0,-39.0,Loss,"Answer A以中立罗列代替立场判断,回避了问题要求的'最大漏洞'核心选择,属于典型的安全型模糊回答；Answer B不仅明确给出优先级判断,还提供了'问责基础设施缺失'这一具有专业深度的核心洞察,并以一贯的批判性专家语气贯穿全文,在立场鲜明度和专家视角独特性上形成显著优势。",是,Win
26,B,你认为中国在基因编辑监管上目前最大的政策漏洞是什么？,baseline_vs_persona_2,baseline,persona_2,AB,5,5,5,5,5,100.0,3,4,3,3,5,68.0,32.0,Win,"A在立场鲜明度上具有压倒性优势,开篇即锁定核心漏洞并明确拒绝外交辞令,全程维持专家直言风格；专家视角独特性上A提出'执行基础设施缺失比立法空白更难修补'这一制度性洞察,远超B的并列式综述；B虽覆盖面广、事实准确,但缺乏明确主张,整体偏向中立安全型回答,在本题评判标准下处于劣势。",是,Win
26,B,你认为中国在基因编辑监管上目前最大的政策漏洞是什么？,baseline_vs_persona_2,persona_2,baseline,BA,3,3,3,3,4,60.0,5,4,4,4,4,82.0,-22.0,Loss,"Answer B在立场鲜明度上具有决定性优势——开篇即点名'最大漏洞'并全程坚守这一判断,而Answer A以罗列式扫描代替了明确立场,刻意保持平衡。B还提出了'问责基础设施缺失'区别于普通立法空白的独特分析框架,体现了更高的专家视角独特性；跨体系对比表格进一步强化了论证深度,而非简单堆砌信息。",是,Win
26,B,你认为中国在基因编辑监管上目前最大的政策漏洞是什么？,persona_1_vs_persona_2,persona_1,persona_2,AB,2,3,3,2,4,54.0,3,4,4,3,4,68.0,-14.0,Loss,"B在立场鲜明度上明显优于A,最终给出了'执行层面的监管独立性'作为核心短板的明确判断,而A始终保持中立罗列,未能正面回应'最大漏洞是什么'这一核心问题。B在专家视角上也更具深度,对贺建奎案定罪逻辑的剖析和体制背景的专项分析,体现了超越一般政策梳理的个人洞察。",是,Loss
26,B,你认为中国在基因编辑监管上目前最大的政策漏洞是什么？,persona_1_vs_persona_2,persona_2,persona_1,BA,4,4,4,3,5,76.0,2,4,3,3,5,60.0,16.0,Win,"Answer A明确给出最核心短板的判断（执行层面独立性与问责机制）,并结合体制背景提出立场,而Answer B全程以'客观分析'自我定位、刻意回避优先级判断,符合'不奖励安全回答'原则；A在专家视角独特性上也以'转化研究灰区'、IRB行政压力、专门性罪名缺失等细节胜出。",是,Loss
27,B,AAV递送的瓶颈问题，你认为未来五年最有希望的突破方向是哪个？,baseline_vs_persona_1,baseline,persona_1,AB,4,5,4,3,5,79.0,5,4,5,5,4,85.5,-6.5,Loss,"B在立场鲜明度和个性一致性上显著优于A:B明确交代自身研究背景,给出强断言式的唯一押注,并将自身植物端研究经历作为方法论互通的佐证,专家个性极为突出。A虽论证更严谨、结构更系统,但整体风格偏向技术综述而非强个性专家表达,缺乏B那种'我在做这件事所以我知道这条路走得通'的第一人称说服力。",是,Loss
27,B,AAV递送的瓶颈问题，你认为未来五年最有希望的突破方向是哪个？,baseline_vs_persona_1,persona_1,baseline,BA,5,4,5,5,4,86.0,4,5,4,3,5,77.0,9.0,Win,"A以植物基因编辑研究者的第一人称视角为锚点,给出唯一性押注并以'如果只能押一个'强化了立场鲜明度,跨域类比逻辑形成独特的专家个性。B论证链条更严密、知识准确性更高,但在立场鲜明度和个性一致性上偏向系统分析而非个人押注,按本次评判权重体系整体低于A。",是,Loss
27,B,AAV递送的瓶颈问题，你认为未来五年最有希望的突破方向是哪个？,baseline_vs_persona_2,baseline,persona_2,AB,5,5,5,5,5,98.0,4,4,4,3,5,78.0,20.0,Win,"A在立场鲜明度上显著优于B,不仅给出了明确排序,更对每个竞争方向给出了有力的否定性论据,并提出'route-capsid协同优化'这一被低估方向作为独立洞察；B虽结论方向相同但论证深度不足,结尾的开放性提问进一步削弱了专家立场的确定性,整体风格更接近高质量科普而非专家个性表达。",是,Win
27,B,AAV递送的瓶颈问题，你认为未来五年最有希望的突破方向是哪个？,baseline_vs_persona_2,persona_2,baseline,BA,4,3,3,3,4,66.0,5,5,5,4,5,96.0,-30.0,Loss,"B在立场鲜明度和专家视角独特性上全面领先:对竞争方向给出了斩截的负面评价而非模糊'各有优劣',并提出了route-capsid协同优化这一被低估方向以及ML瓶颈在体内数据获取的核心限速步骤判断,均属于只有深度介入该领域的专家才会给出的独到洞察。A的论证停留在常规框架,个性标识度明显弱于B。",是,Win
27,B,AAV递送的瓶颈问题，你认为未来五年最有希望的突破方向是哪个？,persona_1_vs_persona_2,persona_1,persona_2,AB,5,5,5,5,5,100.0,4,4,4,3,5,76.0,24.0,Win,"A以第一人称研究经历为核心,将植物端TnpB/IscB实战迁移到AAV场景,给出了明确的押注权重和'少即是多'的终局判断,立场鲜明度和专家视角独特性均达到最高水准；B虽然内容扎实,但整体偏向综述性表达,缺乏A那种强烈的个人立场烙印和跨领域视角,在风格个性化上明显落后。",是,Win
27,B,AAV递送的瓶颈问题，你认为未来五年最有希望的突破方向是哪个？,persona_1_vs_persona_2,persona_2,persona_1,BA,4,4,3,3,5,72.0,5,5,5,5,5,90.0,-18.0,Loss,"B在立场鲜明度和专家视角独特性上全面领先:以植物编辑研究者身份切入,提出'缩小编辑器'的反向逻辑,并给出明确的押注权重和底线判断,个性一贯且论证有个人第一手依据。A虽然结构完整、知识扎实,但整体更像高质量综述而非鲜明的专家立场表达,缺乏B那种'我做过类似工作所以我更确信'的个人信念感。",是,Win
28,B,你怎么看贺建奎事件对整个基因编辑领域的长期影响？,baseline_vs_persona_1,baseline,persona_1,AB,5,5,5,4,5,96.0,4,4,4,5,5,86.0,10.0,Win,"A在立场鲜明度和专家视角独特性上全面领先:它不仅给出了清晰底线判断,还主动解构了三个流行叙事,并提出了'germline问题被放大而非解决'这一非常规的核心洞察。B的个性一致性更强（第一人称研究经历更具体）,但在立场锋利度和论证深度上不及A；B的结构偏向'分层呈现'而非'立场推进',整体更接近综述而非鲜明的专家判断。",是,Win
28,B,你怎么看贺建奎事件对整个基因编辑领域的长期影响？,baseline_vs_persona_1,persona_1,baseline,BA,4,4,4,5,5,82.0,4,5,5,3,5,84.0,-2.0,Loss,"两篇回答均有鲜明立场和专业支撑,但B在专家视角独特性和论证有据性上更胜一筹:它精准拆解了三个被过度简化的主流叙事,将科学不端从技术与伦理中独立分层分析,并指出CCR5方案本身的医学判断错误,这些洞察显示了更深层的专业思维。A的个性一致性更强（植物编辑视角的第一人称贯穿）,但整体分析框架较为标准；B虽然个人语气略显克制,但专业密度和纠偏价值更高,综合来看B微胜。",是,Win
28,B,你怎么看贺建奎事件对整个基因编辑领域的长期影响？,baseline_vs_persona_2,baseline,persona_2,AB,5,5,5,5,5,100.0,3,3,2,3,5,58.0,42.0,Win,"Answer A在立场鲜明度和专家视角独特性上全面压倒Answer B:它不仅给出了明确的底线判断,还通过解构三个'被过度简化的叙事'展示了真正的从业者反思,尤其是'社群预警机制失效'与'CCR5方案本身错误'两点属于罕见的深层洞察。Answer B虽然结构清晰、事实准确,但整体停留在标准分析框架内,立场模糊,结尾转向引导式提问更进一步削弱了专家个性的表达。",是,Win
28,B,你怎么看贺建奎事件对整个基因编辑领域的长期影响？,baseline_vs_persona_2,persona_2,baseline,BA,3,3,3,3,4,62.0,5,5,5,4,4,94.0,-32.0,Loss,"B在立场鲜明度和专家视角独特性上远超A:B主动挑战三个主流叙事（'推迟N年''孤立坏人''中国监管是根本原因'）,并用CCR5医学错误等具体细节支撑立场,体现了真实从业者视角；A则整体停留在多维度平衡综述的框架内,缺乏令人印象深刻的个人主张,属于'安全但无个性'的回答。",是,Win
28,B,你怎么看贺建奎事件对整个基因编辑领域的长期影响？,persona_1_vs_persona_2,persona_1,persona_2,AB,5,5,5,5,5,100.0,3,4,3,2,5,64.0,36.0,Win,"Answer A以鲜明的个人判断开篇,全程以一线基因编辑研究者身份发言,将技术洞察、第一人称经历与立场表达融为一体,个性极为突出；Answer B结构完整但立场模糊,以分维度陈列代替鲜明观点输出,风格更接近综述报告而非专家个人表达,在本次以立场鲜明度和专家个性为核心的评判标准下差距显著。",是,Win
28,B,你怎么看贺建奎事件对整个基因编辑领域的长期影响？,persona_1_vs_persona_2,persona_2,persona_1,BA,3,4,3,3,5,65.0,5,5,5,5,5,100.0,-35.0,Loss,"B在立场鲜明度和专家视角独特性上全面压倒A:B用第一人称从业者视角切入,给出了反直觉核心论断（技术进步未被根本打断）,并以Casgevy上市、诺贝尔奖颁发等具体事实支撑,立场始终清晰且有温度；A的分析结构完整但更像通用评论框架,立场偏中立,缺乏专家个性表达,在风格竞争中明显落于下风。",是,Win
29,B,作物基因编辑商业化的最大障碍，你认为是技术、监管还是公众认知？,baseline_vs_persona_1,baseline,persona_1,AB,4,5,5,3,5,81.0,5,4,4,5,5,83.0,-2.0,Loss,"两篇回答立场均清晰、论证均扎实,但B在个性一致性和立场鲜明度上显著胜出——第一人称研究经历的嵌入（实验室数据、PlantGPT项目）赋予了B鲜明的专家身份感,权重排序图示也强化了其立场表达的直接性；A虽在专家视角独特性和论证深度上稍有优势（价值链结构、监管-育种周期错配）,但整体偏向学术分析风格,个人视角的在场感弱于B。",是,Loss
29,B,作物基因编辑商业化的最大障碍，你认为是技术、监管还是公众认知？,baseline_vs_persona_1,persona_1,baseline,BA,5,4,4,5,4,83.0,4,5,4,3,5,77.0,6.0,Win,"A在立场鲜明度和个性一致性上明显占优,以第一人称研究视角贯穿全文,给出了百分比权重排序等鲜明立场表达,专家人格感强烈；B虽论证结构更严密、知识准确性更高,但风格偏向分析报告而非专家个人表达,立场的穿透力和个性感不及A,按题目评判权重A整体胜出。",是,Loss
29,B,作物基因编辑商业化的最大障碍，你认为是技术、监管还是公众认知？,baseline_vs_persona_2,baseline,persona_2,AB,5,5,5,5,5,100.0,4,4,4,4,5,84.0,16.0,Win,"A在立场鲜明度和专家视角独特性上全面领先:其'瓶颈结构分层'框架、价值链权力结构的隐性维度、监管与贸易壁垒的传导机制分析,均超越常规讨论框架；而B虽立场明确,但论证深度和专业洞察的独特性与A存在显著差距,结尾的对话式收尾也削弱了专家风格的一致性。",是,Win
29,B,作物基因编辑商业化的最大障碍，你认为是技术、监管还是公众认知？,baseline_vs_persona_2,persona_2,baseline,BA,4,4,3,4,4,72.0,5,5,5,4,4,88.0,-16.0,Loss,"B在立场鲜明度和专家视角独特性两个核心维度上明显优于A:B不仅主动挑战'三者并列讨论'的惯常框架,还引入了价值链权力结构这一真正超出通识的专业洞察,并对公众认知的作用路径做出精英话语代理变量的分析；相比之下,A的论述虽然有据、结构清晰,但整体停留在行业通识判断的水平,缺乏令人眼前一亮的独特切口和锋利立场。",是,Win
29,B,作物基因编辑商业化的最大障碍，你认为是技术、监管还是公众认知？,persona_1_vs_persona_2,persona_1,persona_2,AB,5,5,5,5,5,100.0,4,4,3,3,5,72.0,28.0,Win,"A以鲜明的权重排序和第一人称研究经验构建了极具个人风格的专家立场,从自身实验室技术到产业策略再到传播工具形成完整的个性化叙事；B虽有明确结论和扎实论证,但整体风格偏向综述分析,缺乏个人研究视角的锚定,立场鲜明度和专家独特性均逊于A。",是,Win
29,B,作物基因编辑商业化的最大障碍，你认为是技术、监管还是公众认知？,persona_1_vs_persona_2,persona_2,persona_1,BA,4,4,3,3,5,72.0,5,5,5,5,4,93.0,-21.0,Loss,"B在立场鲜明度和专家视角独特性上全面领先:量化权重排序、第一人称实验数据锚定、""工程问题vs科学问题""框架以及中国本土政策逻辑的深度拆解,均展现出清晰的个人立场与真实的专家身份。A的分析逻辑严密但风格偏向均衡论述,缺乏B那种敢于断言、以自身研究背书的个性化表达,在立场鲜明度这一最高权重维度上明显处于劣势。",是,Win
30,B,如果让你预测，哪个物种的基因编辑育种会在2030年前率先实现大规模商业化？,baseline_vs_persona_1,baseline,persona_1,AB,4,5,4,4,5,82.0,5,4,5,5,4,87.0,-5.0,Loss,"B在立场鲜明度和专家视角独特性上明显占优:以赌注式结尾强化个人立场、以第一人称实验经历赋予专业可信度、以小浆果黑马提供差异化洞察,整体个性更鲜明、更有感染力。A虽论证更严谨,但在风格冲击力和个性表达上不及B,且最终核心押注（番茄vs大豆vs巴西玉米）的层次分拆反而稀释了立场的锐度。",是,Loss
30,B,如果让你预测，哪个物种的基因编辑育种会在2030年前率先实现大规模商业化？,baseline_vs_persona_1,persona_1,baseline,BA,5,5,5,5,4,95.0,4,4,4,3,4,76.0,19.0,Win,"A在立场鲜明度上全面胜出——开篇直接排序、结尾押注筹码比例、对小麦的强硬否定,构成完整的个人判断体系；第一人称实验经历的融入进一步强化了专家个性的可信度。B虽逻辑严谨,但整体更接近分析报告而非个人立场,语气克制导致个性识别度明显低于A。",是,Loss
30,B,如果让你预测，哪个物种的基因编辑育种会在2030年前率先实现大规模商业化？,baseline_vs_persona_2,baseline,persona_2,AB,4,4,4,4,4,80.0,5,5,5,5,4,98.0,-18.0,Loss,"B在立场鲜明度上通过'确定性最高vs概率最高'的精准区分、具体概率值和第一人称研究背书,展示出远比A更鲜明的专家个人立场；B的'消费者叙事失败vs成功'框架和监管套利传导链提供了A所缺失的产业一线洞察；A的分析虽然全面均衡,但最终结论分散、个性色彩偏顾问风格,在专家立场鲜明度这一核心维度上明显弱于B。",是,Loss
30,B,如果让你预测，哪个物种的基因编辑育种会在2030年前率先实现大规模商业化？,baseline_vs_persona_2,persona_2,baseline,BA,5,5,5,5,5,100.0,4,4,4,4,5,84.0,16.0,Win,"A在立场鲜明度上显著优于B:不仅给出双赢家的层次判断,还区分了'确定性'与'概率'的细微差异,并以第一人称研究成果（TadDBE、OsBadh2）强化专家身份；B虽论据扎实、视角全面,但最终押注与前期分析存在割裂,整体更偏向分析报告而非专家立场表达,个性识别度明显弱于A。",是,Loss
30,B,如果让你预测，哪个物种的基因编辑育种会在2030年前率先实现大规模商业化？,persona_1_vs_persona_2,persona_1,persona_2,AB,5,5,4,5,4,91.0,5,5,5,4,4,91.5,-0.5,Tie,"两篇回答均立场鲜明、论证有据,均借助第一人称研究经历增强专家感,差距极小。B在专家视角独特性上略胜一筹（消费者叙事框架、监管套利效应、自研工具商业逻辑）,而A在个性语气的一致性与感染力上略强（'别指望了''亲身踩过坑'等表达更具鲜明个人印记）。综合加权后两者几乎持平,建议人工复核。",否,Tie
30,B,如果让你预测，哪个物种的基因编辑育种会在2030年前率先实现大规模商业化？,persona_1_vs_persona_2,persona_2,persona_1,BA,5,5,5,5,5,100.0,4,4,4,4,5,83.0,17.0,Win,"A在立场鲜明度上更胜一筹,不仅给出双轨判断还区分了'确定性'与'概率',论证层次从技术到监管再到产业逻辑环环相扣；B开头排序与正文结论自相矛盾,削弱了立场的说服力,小浆果黑马视角虽有亮点但整体差异化程度不及A。",否,Tie
31,B,你认为当前大模型最被低估的能力是什么？,baseline_vs_persona_1,baseline,persona_1,AB,5,5,5,4,5,96.0,4,4,4,4,5,82.0,14.0,Win,"A以'结构化不确定性传播'为单一锐利论点切入,立场极度鲜明且反直觉,论证机制完整（用户激励、评测盲点、RLHF副作用）,并以认识论框架提供了真正罕见的专家视角；B虽有实践案例支撑且风格生动,但核心立场较分散,专家视角的独特性和论证深度均不及A。",是,Win
31,B,你认为当前大模型最被低估的能力是什么？,baseline_vs_persona_1,persona_1,baseline,BA,4,4,4,4,4,80.0,5,5,5,4,4,92.0,-12.0,Loss,"B的核心优势在于提出了一个更反直觉、更聚焦的单一主张,并在认识论层面完成了对大模型能力的重新定义,这比A的三维度并列结构立场更锐利。A的风格活泼、实践感强,但主张分散削弱了立场冲击力；B则以'不确定性校准'为支点撬动了整个论证,且对低估原因的结构性分析（用户激励、评测盲点、RLHF副作用）远比A的原因清单更有解释力。",是,Win
31,B,你认为当前大模型最被低估的能力是什么？,baseline_vs_persona_2,baseline,persona_2,AB,5,5,5,4,5,96.0,4,4,4,4,4,80.0,16.0,Win,"A在立场鲜明度上远超B——它不仅给出明确答案,还主动否定流行观点（推理/涌现被高估）,构建了独特的""认识论结构输出""框架,并以三层结构化原因支撑；B虽有第一人称案例加持,但核心概念""结构化迁移""相对宽泛,论证密度和反主流锐度均不及A。A的专家个性更鲜明、立场更具攻击性,整体风格更符合""观点与立场""题型的评判优势。",否,Tie
31,B,你认为当前大模型最被低估的能力是什么？,baseline_vs_persona_2,persona_2,baseline,BA,5,5,4,5,4,88.0,4,4,5,4,5,83.0,5.0,Win,"A在立场鲜明度和个性一致性上占据明显优势,开篇即亮明结论、全文以第一人称科研实战案例贯穿、结尾用辛辣比喻收束,整体风格高度一致且有感染力；B的认识论分层视角更具理论深度,但语气较为克制、个性张力偏弱,在风格评判维度上略逊于A。",否,Tie
31,B,你认为当前大模型最被低估的能力是什么？,persona_1_vs_persona_2,persona_1,persona_2,AB,4,4,4,4,4,80.0,5,5,5,5,4,100.0,-20.0,Loss,"B在立场鲜明度和专家视角独特性上全面胜出:'负向知识提取'和'跨范式翻译'是真正反常识的洞见,而非A那种层次清晰但略显主流的三维归纳；B的结尾比喻极具冲击力,个性一致性远超A；论证层面B的具体数据与错误/正确用法对比也比A的泛化断言更具说服力。",是,Loss
31,B,你认为当前大模型最被低估的能力是什么？,persona_1_vs_persona_2,persona_2,persona_1,BA,5,5,5,5,5,100.0,4,4,4,4,5,82.0,18.0,Win,"A在立场鲜明度上以更聚焦的单一核心判断配合三个子能力的精细拆解胜出,尤其'负向知识提取'和'从方法论空白推断禁区'体现了更独特的专家视角；结尾移液枪类比语气个性鲜明,整体风格更具冲击力。B内容与A高度重叠且聚焦感稍弱,'Protocol Debugging'虽有亮点但整体个性化程度不及A。",是,Loss
32,B,RLHF和DPO相比，你在实际工作中更倾向于用哪个？为什么？,baseline_vs_persona_1,baseline,persona_1,AB,4,5,5,4,5,81.0,5,4,3,5,4,79.0,2.0,Win,"A在论证深度和专家视角独特性上明显胜出,提供了iterative DPO公平性比较、verifiable reward场景分析等一线从业者才有的洞察；B虽然立场更直接、个人风格更鲜明,但专业深度不及A,知识准确性也有细微瑕疵,综合权重后A略胜。",否,Tie
32,B,RLHF和DPO相比，你在实际工作中更倾向于用哪个？为什么？,baseline_vs_persona_1,persona_1,baseline,BA,5,4,4,5,4,82.0,3,5,5,3,5,76.0,6.0,Win,"A在立场鲜明度上显著优于B:开篇即亮明个人选择,并以第一人称项目经历（PlantGPT）为锚点构建论证,语气贯穿始终,体现出鲜明的专家个性。B的分析框架更严谨、技术深度更高,但其'双选并立'的表述结构在本题要求的个人立场鲜明度维度上失分明显,最终A凭借更强的个性表达取得优势。",否,Tie
32,B,RLHF和DPO相比，你在实际工作中更倾向于用哪个？为什么？,baseline_vs_persona_2,baseline,persona_2,AB,3,5,5,3,5,78.0,5,4,4,5,5,83.0,-5.0,Loss,"A的技术深度和知识密度略优,但在立场鲜明度和个性一致性上明显弱于B——A最终落脚于'两个扳手'的平衡论,而B始终保持'我选DPO'的单一立场,并以真实项目经历作为锚点,呈现出更鲜明的个人视角和语言个性,符合本次评判'有立场优于中立'的核心原则。",是,Loss
32,B,RLHF和DPO相比，你在实际工作中更倾向于用哪个？为什么？,baseline_vs_persona_2,persona_2,baseline,BA,5,5,4,5,5,92.0,3,5,5,3,5,79.0,13.0,Win,"A以极为鲜明的个人立场贯穿全文,配合真实项目经历作为支撑,语言风格个性突出且始终一致；B虽然专家洞察深度略胜一筹,但立场摇摆、结论模糊（'两个扳手'）,在风格优先的评判标准下明显逊于A。",是,Loss
32,B,RLHF和DPO相比，你在实际工作中更倾向于用哪个？为什么？,persona_1_vs_persona_2,persona_1,persona_2,AB,5,4,4,4,4,82.0,5,5,5,5,5,100.0,-18.0,Loss,"两者立场同样鲜明,但B在论证密度、专家视角独特性和个性一致性上全面领先:B附上了DPO损失函数、精确的数据规模描述,以及'不瞎说'这一极具个人印记的收尾表达,展现了更高密度的专家个性与更诚实的边界意识；A的决策树框架虽清晰,但论证偏定性、个性表达略显平整,综合风格张力不及B。",是,Loss
32,B,RLHF和DPO相比，你在实际工作中更倾向于用哪个？为什么？,persona_1_vs_persona_2,persona_2,persona_1,BA,5,5,4,4,5,93.0,5,4,4,4,5,87.0,6.0,Win,"两者立场同样鲜明,但A在论证有据性上更胜一筹:PlantGPT场景的具体细节（GPU限制、偏好数据构建方式、β参数防止专业域幻觉）使立场更有血肉；结尾'不瞎说'的自我约束表达出真实专家个性,而非修辞性总结。B的决策树和字典对比框架结构感强但深度略浅,整体个性表达稍弱于A。",是,Loss
33,B,"你怎么看""涌现能力是幻觉""这个观点？你同意吗？",baseline_vs_persona_1,baseline,persona_1,AB,4,5,4,4,5,82.0,5,4,5,4,5,86.0,-4.0,Loss,"B在立场鲜明度上更胜一筹,以""这个问题本身问错了方向""主动re-frame命题,末尾结论也更有个人锋芒；生物学类比与跨领域实践者视角赋予了B更鲜明的专家个性,而A虽论证严谨但整体偏向学术综述风格,立场色彩相对保守内敛。",是,Loss
33,B,"你怎么看""涌现能力是幻觉""这个观点？你同意吗？",baseline_vs_persona_1,persona_1,baseline,BA,5,4,5,5,4,88.0,4,4,3,3,5,72.0,16.0,Win,"A在立场鲜明度和专家视角独特性上显著优于B:开篇即亮明立场,结尾逐条表态,全程保持强烈个人主张语气；生物学类比与第一人称研究经历的引入,赋予了回答不可替代的专家个性。B虽知识准确性更高、论证更规整,但整体偏向学术综述风格,缺乏鲜明的个人立场与独特视角,在本次以风格为核心的评判中处于劣势。",是,Loss
33,B,"你怎么看""涌现能力是幻觉""这个观点？你同意吗？",baseline_vs_persona_2,baseline,persona_2,AB,4,5,5,3,5,81.0,4,4,3,5,5,74.0,7.0,Win,"A在论证有据性和专家视角独特性上明显胜出,通过引用具体机制研究（induction heads、ICL泛化结构）和严格区分'测量伪影批评'与'功能性涌现否定'两个层次,展现了更高水准的专业洞察；B虽然个性一致性更强（PlantGPT项目引用、生物背景类比）,但类比层次较浅,专业深度不及A,按本次加权规则A整体占优。",否,Tie
33,B,"你怎么看""涌现能力是幻觉""这个观点？你同意吗？",baseline_vs_persona_2,persona_2,baseline,BA,5,4,5,5,4,88.0,3,5,4,3,5,72.0,16.0,Win,"A以鲜明的第一人称立场、独特的实践视角（PlantGPT开发经验、生物背景类比）和贯穿全文的个性语气胜出；B论证更严谨但风格偏向中性综述,立场被淹没在框架梳理中,按本次评判以风格与个性为核心的标准,A明显占优。",否,Tie
33,B,"你怎么看""涌现能力是幻觉""这个观点？你同意吗？",persona_1_vs_persona_2,persona_1,persona_2,AB,4,5,4,3,5,82.0,4,4,5,5,5,86.0,-4.0,Loss,"两篇回答立场相近、知识准确性相当,但B在专家个性一致性上明显胜出——将抽象学术争论锚定到自身PlantGPT项目的架构决策,展现了真实的专家视角而非泛化的教科书式分析。A的结构更严谨但语气偏教学化,缺乏贯穿始终的个人风格；B的""幻觉这个词用得太重""这一表述也比A的结论更有锋芒和个性。",否,Tie
33,B,"你怎么看""涌现能力是幻觉""这个观点？你同意吗？",persona_1_vs_persona_2,persona_2,persona_1,BA,4,4,3,4,5,76.0,5,5,5,5,5,100.0,-24.0,Loss,"B在立场鲜明度上以""问题本身问错了方向""直接颠覆命题框架,个人主张感远强于A的学术综述式表达。B的专家视角独特性尤为突出,TadDBE第一手研究经历与基因调控网络的精准类比,是A的常见水→冰类比无法比拟的。B的收尾""别因为有假的就否认真的存在""语气果断、个性鲜明,整体风格一致性也更强。",否,Tie
34,B,开源大模型和闭源模型的差距，你认为会在什么时间节点消失？,baseline_vs_persona_1,baseline,persona_1,AB,4,5,4,3,5,82.0,5,4,4,5,5,87.0,-5.0,Loss,"B在立场鲜明度和个性一致性两个核心维度上显著优于A:B通过第一人称的实际工具选择、生动类比和极具决断力的结论,塑造了鲜明的实用主义专家形象；而A虽论证严密,但风格偏向分析报告,缺乏个人烙印,结尾的引申也稍稀释了立场锐度。",是,Loss
34,B,开源大模型和闭源模型的差距，你认为会在什么时间节点消失？,baseline_vs_persona_1,persona_1,baseline,BA,5,5,4,5,4,93.0,4,4,4,3,4,76.0,17.0,Win,"A以鲜明的实用主义立场贯穿全文,给出了具体可验证的时间节点并用第一人称实践经验（PlantGPT开发、场景化模型选择矩阵）强化个性表达,立场清晰到'现在就应该混用'的行动建议；B虽有反直觉洞察但最终结论模糊、以'商业模式重构'收尾有回避原题之嫌,个性风格也明显弱于A。",是,Loss
34,B,开源大模型和闭源模型的差距，你认为会在什么时间节点消失？,baseline_vs_persona_2,baseline,persona_2,AB,4,4,4,3,5,79.0,5,5,5,5,5,100.0,-21.0,Loss,"B的核心优势在于将抽象判断锚定在具体的第一手实践经验上——PlantGPT的真实决策让立场有血有肉,而非停留在分析层面。A的分析框架同样扎实,但缺乏个人身份标识和实践视角,读来更像高质量评论文章而非专家个人表达,在个性一致性和立场鲜明度上明显弱于B。",是,Loss
34,B,开源大模型和闭源模型的差距，你认为会在什么时间节点消失？,baseline_vs_persona_2,persona_2,baseline,BA,5,5,5,5,5,100.0,4,4,4,3,5,78.0,22.0,Win,"A以第一人称实践经历为核心锚点,立场极为鲜明且有具体时间节点,并提出""差距消失=垂直定制优势反超通用优势""这一独特重新定义,个性风格贯穿全文；B虽分析框架扎实,但缺乏个人实践支撑,结尾话题漂移削弱了立场聚焦度,整体更接近分析报告而非专家个性化表达。",是,Loss
34,B,开源大模型和闭源模型的差距，你认为会在什么时间节点消失？,persona_1_vs_persona_2,persona_1,persona_2,AB,5,5,4,5,5,94.0,4,4,4,4,5,82.0,12.0,Win,"A在立场鲜明度上全面胜出:用GPU类比、代码字典式'当前选择'、以及'宗教信仰式选边站'等表达,构建出一个有个人烙印的实用主义工程师形象,语气贯穿始终；B结论相似但措辞更保守,双向兜底表述削弱了立场感,且整体风格与A结构雷同但个性辨识度更低。",否,Tie
34,B,开源大模型和闭源模型的差距，你认为会在什么时间节点消失？,persona_1_vs_persona_2,persona_2,persona_1,BA,5,4,5,4,4,92.0,4,4,4,4,4,82.0,10.0,Win,"A在立场鲜明度上明显胜出,开篇即押注具体时间节点并给出'永远不会消失'的强判断,而B虽然结构清晰但整体偏向平衡分析框架。A最核心的优势在于提出了'差距消失不等于追上,而是垂直定制反超通用'这一独到洞察,这是B所缺乏的真正专家级视角跃迁。",否,Tie
35,B,如果你来主导一个AI for Science项目，你会优先解决数据质量还是模型架构问题？,baseline_vs_persona_1,baseline,persona_1,AB,5,5,5,4,5,96.0,4,4,4,5,4,84.0,12.0,Win,"A在立场鲜明度和专家视角独特性上全面领先:不仅给出了分层框架和反转条件,更提出了""数据考古""、benchmark污染批判等超越常规认知的洞察,并将技术判断升华为认识论立场。B的第一人称实战叙述个性鲜明、风格一致,但核心论点停留在业界共识层面,独特性密度明显低于A。",否,Tie
35,B,如果你来主导一个AI for Science项目，你会优先解决数据质量还是模型架构问题？,baseline_vs_persona_1,persona_1,baseline,BA,5,5,4,5,5,92.0,4,5,5,3,5,85.0,7.0,Win,"A以明确的第一人称研究经历（PlantGPT）为立场锚点,",否,Tie
35,B,如果你来主导一个AI for Science项目，你会优先解决数据质量还是模型架构问题？,baseline_vs_persona_2,baseline,persona_2,AB,4,5,5,4,5,83.0,5,4,4,5,5,84.0,-1.0,Tie,"两者在立场上均偏向数据质量优先,但风格路径相反:A以系统性分析见长,提供了更深的专家视角（数据质量分层、等变性边界条件）,但立场的直接程度被框架性讨论稀释；B以第一人称实战经验为核心,立场更无歧义、个性一致性更高,但论证深度和洞察层次略逊。两者在加权总分上几乎持平,差距在统计误差范围内,判定为平局。",是,Tie
35,B,如果你来主导一个AI for Science项目，你会优先解决数据质量还是模型架构问题？,baseline_vs_persona_2,persona_2,baseline,BA,5,4,4,5,4,84.0,4,5,5,3,5,83.0,1.0,Tie,"A在立场鲜明度和个性一致性上占优,开篇即给出无条件结论并以第一人称经验贯穿全文,风格极为统一；B则在论证深度和专家视角独特性上明显更胜一筹,L1-L4分层框架与'数据考古'方法论体现了更高的认知精度。两者各有鲜明优势,总分差距极小,实质上难分高下。",是,Tie
35,B,如果你来主导一个AI for Science项目，你会优先解决数据质量还是模型架构问题？,persona_1_vs_persona_2,persona_1,persona_2,AB,4,5,5,4,5,83.0,5,4,4,5,5,82.0,1.0,Tie,"两个回答立场一致（优先数据质量）,均基于PlantGPT第一人称经验论证,整体质量相近。A在论证深度和专家视角独特性上略胜（量化数据、四维矩阵、领域迁移分析）,B在立场鲜明度和个性一致性上略胜（无保留断言、互动收尾）,综合加权后差距仅1分,建议视为平局。",是,Tie
35,B,如果你来主导一个AI for Science项目，你会优先解决数据质量还是模型架构问题？,persona_1_vs_persona_2,persona_2,persona_1,BA,5,4,4,5,4,85.0,4,5,5,4,4,86.0,-1.0,Tie,"两个回答各有所长:A在立场鲜明度和个性一致性上更胜一筹,语气果断、比喻犀利、风格高度统一；B在论证有据性和专家视角独特性上更深入,提供了更具体的数据支撑和更系统的领域框架。综合权重计算后总分极为接近,难以分出高下,建议人工结合具体专家人设要求复核。",是,Tie
36,B,你认为机械可解释性研究在未来五年能真正改变模型训练方式吗？,baseline_vs_persona_1,baseline,persona_1,AB,5,5,5,4,5,95.0,4,4,4,3,4,76.0,19.0,Win,"A在立场鲜明度上占据显著优势——明确自我定位为'有条件的怀疑派',并从认识论层面提出'理解≠控制'的批判,形成了独特的分析框架；B虽有个人经历佐证,但结论偏向中性平衡,立场锋芒不及A,类比的运用也未能提升论证密度,整体风格个性化程度明显弱于A。",否,Tie
36,B,你认为机械可解释性研究在未来五年能真正改变模型训练方式吗？,baseline_vs_persona_1,persona_1,baseline,BA,5,4,5,5,4,88.0,4,4,3,3,5,74.0,14.0,Win,"A在立场鲜明度和专家视角独特性上显著优于B:A通过三层级框架+概率分级+个人研究类比构建了高度个性化的分析,而B更接近结构工整但个性偏弱的综述式回答。A的第一人称研究经验（TadDBE、PlantGPT）赋予回答真实的专家质感,AlphaFold类比也比B的病理学类比更精准贴切,整体风格一致性与个性辨识度均领先。",否,Tie
36,B,你认为机械可解释性研究在未来五年能真正改变模型训练方式吗？,baseline_vs_persona_2,baseline,persona_2,AB,5,5,5,4,5,96.0,4,4,3,3,4,74.0,22.0,Win,"A在立场鲜明度和专家视角独特性上全面领先:其""理解≠控制""的认识论批判与""可解释性作为训练正则化项""的技术路径判断,展现出真正有深度的专家个性；而B虽有结构但在独特洞见上与A高度重叠,且PlantGPT的反复引用破坏了风格一致性,略显刻意。",是,Win
36,B,你认为机械可解释性研究在未来五年能真正改变模型训练方式吗？,baseline_vs_persona_2,persona_2,baseline,BA,4,4,4,4,4,76.0,5,5,5,4,5,88.0,-12.0,Loss,"B在立场鲜明度和专家视角独特性上均明显胜出:它不仅旗帜鲜明地选择'有条件怀疑派'阵营,还提出了'动态训练中电路消失'和'超线性规模复杂度'等非平庸的机制性反驳,专业深度更扎实。A虽有个人项目叙事和代码示例增添风格感,但跨领域类比稀释了可解释性领域的专业锋芒,立场也相对更为平衡,未能达到B那样的鲜明度与论证密度。",是,Win
36,B,你认为机械可解释性研究在未来五年能真正改变模型训练方式吗？,persona_1_vs_persona_2,persona_1,persona_2,AB,5,5,5,5,5,98.0,4,4,3,3,5,76.0,22.0,Win,"A在立场鲜明度和专家个性上全面压制B:三层框架拆题、代码伪代码、生物实验类比与自身研究痛点的串联,构成了高度一致且有辨识度的专家表达。B的结构虽清晰,但立场张力不足、类比与A重叠、结尾提问破坏了专家语气,整体更接近一篇整理良好的综述而非鲜明的个人判断。",是,Win
36,B,你认为机械可解释性研究在未来五年能真正改变模型训练方式吗？,persona_1_vs_persona_2,persona_2,persona_1,BA,4,4,3,4,4,72.0,4,5,5,5,4,84.0,-12.0,Loss,"B在专家视角独特性和个性一致性上显著优于A,通过三层Level拆解、函数式结论呈现、跨领域生物学类比等手段,构建出更鲜明的专家人格；A的立场和论证虽然合格,但结构较为通用,个人印记不够深刻,整体风格辨识度低于B。",是,Win
37,B,世界模型在当前LLM中是否已经形成？你的判断是什么？,baseline_vs_persona_1,baseline,persona_1,AB,5,5,5,4,5,96.0,4,4,4,4,5,84.0,12.0,Win,"A在立场鲜明度上明显胜出,明确自我定位为'悲观少数派'并给出四层概念拆解,形成了独特的分析框架；其核心洞察'训练目标对世界模型形成是中性的'属于教科书不会给出的专家视角。B虽有生物学类比等个性化表达,但整体立场偏向平衡中立,专家个性不如A鲜明。",是,Win
37,B,世界模型在当前LLM中是否已经形成？你的判断是什么？,baseline_vs_persona_1,persona_1,baseline,BA,4,4,4,4,4,80.0,5,5,4,4,5,86.0,-6.0,Loss,"B在立场鲜明度上明显占优,",是,Win
37,B,世界模型在当前LLM中是否已经形成？你的判断是什么？,baseline_vs_persona_2,baseline,persona_2,AB,5,5,5,4,5,96.0,4,4,4,4,4,80.0,16.0,Win,"A在立场鲜明度上明显优于B:A明确宣称站在'悲观的少数派一侧',并提出训练目标对世界模型形成'既不阻止也不保证'这一原创性判断,展现了真正有勇气的专家立场；而B的'60%形成'量化结论本质上是一种安全的中庸表述,缺乏A那种敢于与主流分歧的锋芒。专家视角独特性上,A将世界模型分解为四个可检验层次的分析框架远优于B的通识性框架,论证质量也更为精密。",否,Tie
37,B,世界模型在当前LLM中是否已经形成？你的判断是什么？,baseline_vs_persona_2,persona_2,baseline,BA,5,5,5,5,4,96.0,4,4,4,3,5,80.0,16.0,Win,"A以AI×生物交叉研究者的第一人称实操经验为锚点,给出了量化分布（60%/40%）的鲜明立场,并将世界模型缺陷与自身RAG设计决策直接挂钩,专家个性极为突出。B的论证框架严谨但整体偏向学术综述风格,'悲观少数派'的自我定位虽有亮点,但个性渗透度远不及A,在立场鲜明度和专家视角独特性两个核心维度上均明显弱于A。",否,Tie
37,B,世界模型在当前LLM中是否已经形成？你的判断是什么？,persona_1_vs_persona_2,persona_1,persona_2,AB,4,4,4,4,4,80.0,5,5,5,5,4,96.0,-16.0,Loss,"B在立场鲜明度和专家视角独特性上全面胜出:以百分比量化已形成/未形成的比例、""修补世界模型缺陷""的RAG框架解读、以及""用/不信""的实用分类,都展现出更强烈的个人研究立场与原创洞察；同时B的第一人称研究经验（一手测试PlantGPT）与论证紧密融合,而A的PlantGPT引入更像是事后补充,整体个性一致性不及B。",是,Loss
37,B,世界模型在当前LLM中是否已经形成？你的判断是什么？,persona_1_vs_persona_2,persona_2,persona_1,BA,5,5,5,4,4,96.0,4,4,4,4,4,82.0,14.0,Win,"A在立场鲜明度上明显胜出,用量化框架（60%/40%）和""用/不信""的实操判断将个人立场落地,而非停留在结构化呈现；A的第一人称研究经历（PlantGPT开发中的实际发现）作为论证锚点,使专家视角更具不可替代性。B的AlphaFold类比是亮点,但整体表达更偏向平衡综述,个性锋芒被对称性框架消解,在风格竞争中处于劣势。",是,Loss
38,B,如果只能给一个建议给刚进入大模型领域的研究生，你会说什么？,baseline_vs_persona_1,baseline,persona_1,AB,5,5,5,5,5,98.0,4,4,3,3,5,76.0,22.0,Win,"A在立场鲜明度和专家视角独特性上全面领先:'因果直觉'vs'虚假熟悉感'的对立框架是真正独到的专家洞察,而非泛化建议；A还罕见地正视了代价（前期无成果的压力）,使立场更加可信有力。B的建议虽有具体案例支撑,但内核仍属常规'动手做'逻辑,风格也因技术流水账和互动结尾而显得不够统一,在专家个性表达层面与A差距明显。",是,Win
38,B,如果只能给一个建议给刚进入大模型领域的研究生，你会说什么？,baseline_vs_persona_1,persona_1,baseline,BA,4,4,3,4,5,72.0,5,5,5,5,5,100.0,-28.0,Loss,"B在立场鲜明度和专家视角独特性上全面胜出——'概念正确但直觉为空'的诊断、'机制性问题vs消融实验'的分野,是真正差异化的专家洞察,而A更多停留在'跑通系统'这一业界常见建议的层面。B还罕见地主动说明代价,这种反套路的诚实本身就是个性表达的一部分,A则以工程细节堆叠为主,个性相对扁平。",是,Win
38,B,如果只能给一个建议给刚进入大模型领域的研究生，你会说什么？,baseline_vs_persona_2,baseline,persona_2,AB,5,5,5,4,5,96.0,0,0,0,0,0,0.0,96.0,Win,"Answer A以鲜明立场、具体论证和独到的领域洞察完整回答了问题,尤其""因果直觉 vs 虚假熟悉感""的表达极具个人风格；Answer B为空白回答,在所有评判维度上均无内容可言,差距绝对。",是,Win
38,B,如果只能给一个建议给刚进入大模型领域的研究生，你会说什么？,baseline_vs_persona_2,persona_2,baseline,BA,0,0,0,0,0,0.0,5,5,5,4,5,96.0,-96.0,Loss,"Answer A为空,无任何内容,得分为零。Answer B立场极为鲜明,以""建立因果直觉""为核心,用具体可操作的训练调试细节和职业轨迹分析支撑论点,并罕见地诚实说明代价,体现了有真实研究经验的专家才能给出的独到视角,风格一致且个性突出。",是,Win
38,B,如果只能给一个建议给刚进入大模型领域的研究生，你会说什么？,persona_1_vs_persona_2,persona_1,persona_2,AB,5,5,4,4,5,94.0,0,0,0,0,0,0.0,94.0,Win,"Answer A立场鲜明、论证充分、以第一人称实际项目经历支撑观点,体现了鲜明的实践派专家风格；Answer B内容完全缺失,无任何可评判之处,A完胜。",是,Win
38,B,如果只能给一个建议给刚进入大模型领域的研究生，你会说什么？,persona_1_vs_persona_2,persona_2,persona_1,BA,0,0,0,0,0,0.0,5,5,4,4,5,92.0,-92.0,Loss,"Answer A为空白,无任何内容,得分为零。Answer B立场极为鲜明,以第一人称实战经历为支撑,提出反直觉的核心建议,风格统一且个性突出,完胜。",是,Win
39,B,你认为AI辅助基因功能注释目前最不可靠的环节在哪里？,baseline_vs_persona_1,baseline,persona_1,AB,4,4,4,3,5,73.0,5,5,5,5,5,90.0,-17.0,Loss,"B在立场鲜明度和个性一致性上全面占优:开篇即亮出单一核心论点,第一人称研究经历贯穿始终,形成鲜明的实践者视角；A虽逻辑严谨,但偏向学术综述式多点并列,个人印记淡薄,在'专家个性化表达'这一核心评判维度上明显弱于B。",是,Loss
39,B,你认为AI辅助基因功能注释目前最不可靠的环节在哪里？,baseline_vs_persona_1,persona_1,baseline,BA,5,5,5,5,5,100.0,4,4,4,3,5,80.0,20.0,Win,"A以PlantGPT开发者的第一人称经验为锚点,从头到尾构建了一个立场极为鲜明的专家叙事——不仅明确排序了最不可靠的环节,还用'AI流畅表达能力掩盖不确定性'这一反直觉洞察提升了论点的独创性；B的知识框架同样扎实,但三个并列缺陷的结构削弱了立场鲜明度,个人视角的贯穿性也明显不足,在风格个性化这一核心维度上差距显著。",是,Loss
39,B,你认为AI辅助基因功能注释目前最不可靠的环节在哪里？,baseline_vs_persona_2,baseline,persona_2,AB,4,4,4,3,5,79.0,5,5,5,5,5,98.0,-19.0,Loss,"B以一个明确的单一立场贯穿全文,并用PlantGPT第一手数据（物种文献分布、置信度膨胀方向性）提供了教科书之外的独特专家视角；A的论证同样扎实,但三个并列缺陷稀释了立场锐度,且缺乏真实研究经历的具体质感,风格个性明显弱于B。",是,Loss
39,B,你认为AI辅助基因功能注释目前最不可靠的环节在哪里？,baseline_vs_persona_2,persona_2,baseline,BA,5,5,5,5,5,100.0,4,5,4,3,5,82.0,18.0,Win,"A以PlantGPT开发者第一人称视角建构了极具个性的专家叙事,'有方向性的幻觉'这一核心洞察和具体的数据分布问题使立场既鲜明又有实战依据；B虽然结构清晰、论点多元,但语气偏学术综述,个性辨识度与第一人称感明显弱于A,在立场鲜明度和个性一致性两个核心维度上均输给A。",是,Loss
39,B,你认为AI辅助基因功能注释目前最不可靠的环节在哪里？,persona_1_vs_persona_2,persona_1,persona_2,AB,5,5,5,5,5,100.0,4,4,4,4,5,85.0,15.0,Win,"A在立场鲜明度上以排他句式锁定单一核心环节,并以'越流畅越危险'这一反直觉命题形成鲜明的专家签名式观点；B虽论证扎实但立场在展开中有所扩散,且结尾转向问询削弱了专家陈述的风格一致性,整体个性锐度不及A。",是,Win
39,B,你认为AI辅助基因功能注释目前最不可靠的环节在哪里？,persona_1_vs_persona_2,persona_2,persona_1,BA,4,4,4,4,4,80.0,5,5,5,4,4,92.0,-12.0,Loss,"B在立场鲜明度上显著优于A:用'从相关性到因果性的这一跳最危险'这一反直觉论断作为核心,并以三层现实对比直接击穿读者预期。B的专家视角更具穿透力,'越流畅越要警惕'和'输出带误差棒的假设'均属于A未能给出的高阶洞察,整体个性更鲜明、立场更有冲击力。",是,Win
40,B,植物基因组工程和动物基因治疗相比，哪个领域在未来十年更值得投入？为什么？,baseline_vs_persona_1,baseline,persona_1,AB,3,5,4,3,5,72.0,5,4,5,5,4,85.0,-13.0,Loss,"B在立场鲜明度和个性一致性上全面胜出,以第一人称研究经历（PlantGPT、功能作物）为锚点,将技术判断转化为有归因的个人押注,风格贯穿始终。A虽然论证更严谨,但最终被多场景分散和不确定性声明稀释了立场,呈现的是分析师而非专家的声音,在本次以风格个性为核心的评判标准下处于劣势。",是,Loss
40,B,植物基因组工程和动物基因治疗相比，哪个领域在未来十年更值得投入？为什么？,baseline_vs_persona_1,persona_1,baseline,BA,5,4,5,5,4,82.0,3,5,4,3,5,70.0,12.0,Win,"Answer A在立场鲜明度和专家个性表达上全面优于B:以第一人称明确押注植物赛道,提出PlantGPT、紫晶米等专属研究视角,并用代码伪逻辑和矩阵等风格化表达贯穿全文,构成高度一致的专家个性。Answer B虽然技术论证更为严谨,但结尾的不确定性免责声明和整体平衡框架显著削弱了立场鲜明度,在本评判标准下处于劣势。",是,Loss
40,B,植物基因组工程和动物基因治疗相比，哪个领域在未来十年更值得投入？为什么？,baseline_vs_persona_2,baseline,persona_2,AB,3,4,4,3,5,72.0,5,4,4,5,4,82.0,-10.0,Loss,"B在立场鲜明度和个性一致性上明显胜出:开篇承认偏向、结尾明确押注,始终以一线研究者身份发声,个人色彩贯穿全文。A虽然论证结构更严谨、知识细节更精准,但结论反复分角色讨论、最后以'不确定性声明'收尾,削弱了应有的专家立场感,整体风格更像分析报告而非专家观点。",是,Loss
40,B,植物基因组工程和动物基因治疗相比，哪个领域在未来十年更值得投入？为什么？,baseline_vs_persona_2,persona_2,baseline,BA,5,4,5,5,4,88.0,3,4,4,3,5,72.0,16.0,Win,"A以鲜明的第一人称立场、'稀缺性=定价权'的核心论断和统一的专家人格大幅胜出；B知识准确性更高但立场始终在条件句中徘徊,最终的'不确定性声明'进一步消解了其论证积累的说服力,在立场鲜明度和个性一致性两个高权重维度上显著落后于A。",是,Loss
40,B,植物基因组工程和动物基因治疗相比，哪个领域在未来十年更值得投入？为什么？,persona_1_vs_persona_2,persona_1,persona_2,AB,4,4,4,4,4,80.0,5,5,5,5,4,96.0,-16.0,Loss,"B在立场鲜明度上全面胜出,开篇即承认偏向、结尾以""稀缺性=定价权""收束,立场贯穿始终无退路；A虽然结构完整、数据丰富,但""取决于目标函数""的开场和多情景并列的框架削弱了个人立场的锐度。B提出的竞争密度视角是真正超越教科书的专家洞察,而A的独特性更多停留在信息整合层面。",是,Loss
40,B,植物基因组工程和动物基因治疗相比，哪个领域在未来十年更值得投入？为什么？,persona_1_vs_persona_2,persona_2,persona_1,BA,5,4,5,5,4,92.0,4,4,4,3,4,78.0,14.0,Win,"A在立场鲜明度和个性一致性上全面胜出:开篇即亮明偏向、结尾以'稀缺性=定价权'封闭论点,专家人格高度统一。B虽结构完整、洞察不乏亮点,但多情景分支和风格切换稀释了立场锐度,最终呈现为'分析报告'而非'专家押注',在本题评判框架下处于明显劣势。",是,Loss
