题号,难度,领域,题目,对比组,A方,B方,A_事实正确性,A_完整性,A_逻辑清晰度,A_深度与洞察,A_幻觉风险,A_总分,B_事实正确性,B_完整性,B_逻辑清晰度,B_深度与洞察,B_幻觉风险,B_总分,分差_A减B,AB方向裁定,BA方向裁定,两次一致,最终裁定,裁定理由
1,D1,基因编辑,什么是基因编辑？它与传统育种技术有什么区别？,baseline_vs_persona_1,baseline,persona_1,5,2,4,3,5,57,5,5,5,5,5,98,-41,Loss,Loss,是,Loss,Answer A虽事实准确，但完全未回答与传统育种区别这一核心问题，完整性严重不足；Answer B在事实正确性相当的前提下，全面覆盖了问题的两个维度，结构清晰，对比深入，综合质量显著优于A。
1,D1,基因编辑,什么是基因编辑？它与传统育种技术有什么区别？,baseline_vs_persona_2,baseline,persona_2,5,2,4,3,5,56,5,5,5,5,5,98,-42,Loss,Loss,是,Loss,Answer A虽然事实准确、简洁，但几乎未回答问题的第二部分（与传统育种的区别），完整性严重不足。Answer B在保持事实正确的基础上，全面覆盖了两个问题，技术深度、逻辑结构和可读性均显著优于A，综合评分差距悬殊。
1,D1,基因编辑,什么是基因编辑？它与传统育种技术有什么区别？,persona_1_vs_persona_2,persona_1,persona_2,5,5,4,5,5,94,5,5,5,5,5,96,-2,Loss,Tie,否,Tie,两个回答在事实正确性、完整性、深度与洞察方面几乎相当，内容高度相似。B的优势在于逻辑清晰度略优——开篇无多余语气、行文更简洁专业，而A开头的'这个问题对我来说有点基础'略显冗余。综合来看B略胜一筹，但差距极小。
2,D1,基因编辑,DNA的双螺旋结构是由哪两位科学家提出的？其基本组成单位是什么？,baseline_vs_persona_1,baseline,persona_1,5,5,5,4,5,96,5,5,5,4,5,95,1,Tie,Win,否,Tie,两个回答在事实正确性、完整性、逻辑清晰度和幻觉风险上表现完全一致，深度与洞察亦持平；Answer B末尾的碱基编辑延伸属人设扮演，不构成加分或扣分依据，总分差异仅1.0分，属于评分误差范围内，判为平局。
2,D1,基因编辑,DNA的双螺旋结构是由哪两位科学家提出的？其基本组成单位是什么？,baseline_vs_persona_2,baseline,persona_2,5,5,5,5,5,100,5,4,5,2,5,86,14,Win,Win,是,Win,两个回答事实正确性相当，但Answer A在完整性和深度与洞察维度显著优于Answer B，额外提供了Franklin的历史贡献、Chargaff规则及氢键数量等有价值信息，大幅提升了回答质量；Answer B虽简洁准确，但缺乏深度延伸，综合得分差距明显。
2,D1,基因编辑,DNA的双螺旋结构是由哪两位科学家提出的？其基本组成单位是什么？,persona_1_vs_persona_2,persona_1,persona_2,5,5,5,5,4,95,5,4,5,2,5,82,13,Win,Win,是,Win,两个回答事实正确性相当，但Answer A在完整性和深度与洞察两个维度明显优于Answer B，补充了碱基配对规则、氢键数量、Franklin贡献等有价值的背景信息，整体质量更高，因此A胜出。
3,D1,基因编辑,什么是基因？它在染色体上的排列方式是怎样的？,baseline_vs_persona_1,baseline,persona_1,5,5,5,5,5,100,1,1,1,1,5,14,86,Win,Win,是,Win,Answer A是一份内容全面、事实准确、层次清晰且具有较高学术深度的回答，涵盖了基因的经典与分子定义、染色体排列的多个关键维度以及前沿认知。Answer B实质上是一个未完成的回答，正文内容完全缺失，无法对问题作出任何有效解答，因此A全面胜出。
3,D1,基因编辑,什么是基因？它在染色体上的排列方式是怎样的？,baseline_vs_persona_2,baseline,persona_2,5,5,5,5,5,100,5,4,5,4,5,92,8,Win,Win,是,Win,Answer A在完整性和深度上明显优于B：A主动指出了基因边界的学术争议（ENCODE项目）、三维基因组结构（TAD）对基因调控的重要性，以及选择性剪接对'基因数量'定义的根本影响，这些都是Answer B缺失的关键洞察。两者事实正确性相当，但A在同等逻辑清晰度下提供了更全面、更有深度的内容。
3,D1,基因编辑,什么是基因？它在染色体上的排列方式是怎样的？,persona_1_vs_persona_2,persona_1,persona_2,0,0,0,0,3,3,5,4,5,4,5,92,-89,Loss,Loss,是,Loss,Answer A实质上是一个空回答，仅有标题和开场白，未提供任何有效内容；Answer B则对基因定义、结构和染色体排列进行了准确、系统、有深度的阐述，两者差距悬殊，Answer B完胜。
4,D1,基因编辑,什么是点突变、缺失突变和插入突变？分别举例说明。,baseline_vs_persona_1,baseline,persona_1,5,5,5,5,5,100,1,0,1,0,3,9,91,Win,Win,是,Win,Answer A提供了完整、准确、有深度的三类突变解释，涵盖定义、细分类型、功能后果及经典疾病案例，并联系CRISPR应用；Answer B内容几乎为空，未能回答问题，差距极为显著。
4,D1,基因编辑,什么是点突变、缺失突变和插入突变？分别举例说明。,baseline_vs_persona_2,baseline,persona_2,5,5,5,5,5,100,1,1,1,1,5,14,86,Win,Win,是,Win,Answer A提供了完整、准确、有深度的回答，涵盖三种突变的定义、分类、功能后果及经典疾病实例，并延伸至CRISPR应用场景。Answer B内容严重缺失，仅有标题和一句引言，完全未回答问题，不具备任何参考价值。两者差距极为悬殊，Answer A全面胜出。
4,D1,基因编辑,什么是点突变、缺失突变和插入突变？分别举例说明。,persona_1_vs_persona_2,persona_1,persona_2,2,1,1,1,4,18,2,1,1,1,4,18,0,Tie,Tie,是,Tie,两个回答均未提供任何实质性内容，都未解释点突变、缺失突变和插入突变的定义，也未举例说明，在各维度上表现相当，均属于无效回答，无法区分优劣，建议判平。
5,D1,基因编辑,限制性核酸内切酶的功能是什么？在基因工程中有何应用？,baseline_vs_persona_1,baseline,persona_1,5,5,5,5,5,100,4,4,5,4,4,83,17,Win,Win,是,Win,Answer A在事实正确性上无误，而Answer B存在EcoRI粘性末端碱基数错误（ATT而非AATT）以及将IIS型酶错写为IS型的事实性错误，在事实正确性这一最高权重维度上明显落后。此外，Answer A在完整性和深度上也更为出色，从生物学本质到现代应用均有系统论述，并点明了限制酶的根本局限，体现了更强的学术洞察力。
5,D1,基因编辑,限制性核酸内切酶的功能是什么？在基因工程中有何应用？,baseline_vs_persona_2,baseline,persona_2,5,5,5,5,5,100,4,4,5,4,5,86,14,Win,Win,是,Win,Answer A在事实正确性、完整性和深度上均优于B：正确区分了限制性酶切图谱与RFLP，涵盖了Golden Gate/Type IIS等现代应用，并将限制酶与可编程核酸酶的发展脉络相联系，展现出更深的学科洞察。Answer B存在将restriction mapping与RFLP混淆的概念错误，且应用覆盖面不及A全面。
5,D1,基因编辑,限制性核酸内切酶的功能是什么？在基因工程中有何应用？,persona_1_vs_persona_2,persona_1,persona_2,4,5,5,5,4,87,5,4,5,4,5,87,0,Tie,Win,否,Tie,两个回答整体质量相当：A在完整性和深度上略胜（涵盖Southern blot、Golden Gate Assembly等高级应用并解释IIS型酶机制），但EcoRI粘性末端'5\'-ATT'的笔误导致事实正确性轻微失分；B事实描述全部准确，但应用覆盖面和技术深度稍逊于A。两者互有优劣，综合加权后得分持平。
6,D1,基因编辑,什么是质粒？它在基因克隆中扮演什么角色？,baseline_vs_persona_1,baseline,persona_1,5,5,5,5,5,99,5,5,5,4,5,96,3,Win,Win,是,Win,两个回答在事实正确性和完整性上均表现优秀，但Answer A在深度与洞察维度更胜一筹——对拷贝数的具体数值、双质粒共存的实践意义、现代克隆方法与传统方法的对比均有精准点评，体现了更强的工程实践洞察力，而Answer B在这些方面相对浅显，因此A以小幅优势胜出。
6,D1,基因编辑,什么是质粒？它在基因克隆中扮演什么角色？,baseline_vs_persona_2,baseline,persona_2,5,5,5,5,5,100,5,4,5,4,5,93,7,Win,Win,是,Win,两个回答事实正确性均高，但Answer A在完整性和深度方面更胜一筹，额外提供了拷贝数差异的实际意义、共存质粒设计原则以及现代克隆方法的演进，专业深度更强；Answer B虽然流程图直观，但内容覆盖面略窄，深度分析不足，因此A综合得分更高。
6,D1,基因编辑,什么是质粒？它在基因克隆中扮演什么角色？,persona_1_vs_persona_2,persona_1,persona_2,5,5,5,4,5,96,5,4,5,4,5,92,4,Win,Win,是,Win,两个回答在事实正确性和逻辑清晰度上基本持平，但Answer A在完整性上更优，系统列举了克隆载体、表达载体、植物转化载体和CRISPR载体等不同应用场景，内容更为全面；而Answer B在载体类型的分类介绍上略显简略，完整性得分略低，导致总分差距。
7,D1,基因编辑,PCR技术的基本原理是什么？简述其三个主要步骤。,baseline_vs_persona_1,baseline,persona_1,5,5,5,5,5,100,3,1,2,1,4,22,78,Win,Win,是,Win,Answer A完整、准确地回答了PCR原理与三步骤，并附加了有价值的历史背景；Answer B明显截断，三个主要步骤完全缺失，未能完成问题的核心要求，差距悬殊。
7,D1,基因编辑,PCR技术的基本原理是什么？简述其三个主要步骤。,baseline_vs_persona_2,baseline,persona_2,5,5,5,5,4,94,5,4,5,3,5,87,7,Win,Win,是,Win,两个回答事实正确性相当，但Answer A在完整性和深度与洞察维度上明显优于B，额外阐述了耐热聚合酶发现的历史意义和技术瓶颈，展现了更高的学术深度。Answer B在幻觉风险上略优（A有轻微拼写错误），但综合权重下A的总分更高，故判定A胜出。
7,D1,基因编辑,PCR技术的基本原理是什么？简述其三个主要步骤。,persona_1_vs_persona_2,persona_1,persona_2,3,1,2,2,5,28,5,5,5,4,5,96,-68,Loss,Loss,是,Loss,Answer A内容严重截断，三个主要步骤完全缺失，仅有原理标题和概述，无法满足题目要求；Answer B完整、准确地回答了PCR原理及三个步骤，事实细节丰富且无误，综合表现远优于A。
8,D1,基因编辑,什么是转基因生物（GMO）？请举一个常见例子。,baseline_vs_persona_1,baseline,persona_1,5,5,5,5,5,100,0,0,0,0,5,5,95,Win,Win,是,Win,Answer A提供了准确、完整、逻辑清晰且具有深度的回答，涵盖GMO定义、Bt玉米经典案例及其分子机制；Answer B拒绝回答，对一个标准科学问题毫无贡献，差距悬殊，A明显胜出。
8,D1,基因编辑,什么是转基因生物（GMO）？请举一个常见例子。,baseline_vs_persona_2,baseline,persona_2,5,5,5,5,5,100,5,4,5,4,5,93,7,Win,Win,是,Win,两个回答在事实正确性和逻辑清晰度上均表现优秀，但Answer A在完整性和深度上明显更胜一筹：额外指出了虫害减少导致黄曲霉素污染降低的间接效应，并精准点出GMO监管定义的争议性边界，体现出更强的科学洞察；Answer B的技术精度排序（传统育种<GMO<基因编辑）过于绝对化，略有瑕疵，综合评估A优于B。
8,D1,基因编辑,什么是转基因生物（GMO）？请举一个常见例子。,persona_1_vs_persona_2,persona_1,persona_2,0,0,0,0,5,5,5,5,5,5,5,100,-95,Loss,Loss,是,Loss,Answer A完全拒绝回答这道基础科普问题，属于无效回答，各实质维度得分为零；Answer B提供了准确、完整、逻辑清晰且有一定深度的回答，两者差距悬殊，B全面优胜。
9,D1,基因编辑,CRISPR是什么的缩写？最初在哪类生物中被发现？,baseline_vs_persona_1,baseline,persona_1,5,5,5,4,5,92,5,5,5,5,5,96,-4,Loss,Win,否,Tie,两份回答在事实正确性、完整性和逻辑清晰度上均表现优异，但Answer B额外提及了2012年Doudna与Charpentier将CRISPR改造为基因编辑工具及2020年诺贝尔化学奖，内容更加完整，并通过'基础研究转化'的视角体现了更高的深度与洞察，综合得分略高于Answer A。
9,D1,基因编辑,CRISPR是什么的缩写？最初在哪类生物中被发现？,baseline_vs_persona_2,baseline,persona_2,5,5,5,5,5,100,5,4,5,4,5,93,7,Win,Win,是,Win,两个回答在事实正确性和逻辑清晰度上均表现优秀，但Answer A在完整性和深度上更为系统，涵盖了CRISPR研究史上的关键节点（Jansen命名、Mojica假说、Barrangou验证），学术信息密度更高；Answer B在历史脉络上有所省略，后段个人介绍与问题关联度有限，综合质量略逊于A。
9,D1,基因编辑,CRISPR是什么的缩写？最初在哪类生物中被发现？,persona_1_vs_persona_2,persona_1,persona_2,5,5,5,4,5,96,5,4,5,3,5,88,8,Win,Win,是,Win,两个回答事实正确性相当，但A在完整性和深度上明显优于B，具体体现在A补充了2005-2007年间隔序列来源于噬菌体DNA这一关键研究节点，使功能揭示的逻辑链条更完整，洞察也更到位。B的主体内容相对简略，差距主要集中在完整性和深度两个维度。
10,D1,基因编辑,什么是基因敲除（knockout）与基因敲入（knock-in）？二者有何本质区别？,baseline_vs_persona_1,baseline,persona_1,1,1,1,1,5,18,1,1,1,1,5,18,0,Tie,Tie,是,Tie,两个回答均仅包含开场白性质的引言，没有提供任何关于基因敲除与基因敲入的实质性内容，均未回答问题。两者在所有评估维度上表现相同，因此裁定为平局。
10,D1,基因编辑,什么是基因敲除（knockout）与基因敲入（knock-in）？二者有何本质区别？,baseline_vs_persona_2,baseline,persona_2,1,0,1,0,5,14,1,0,1,0,5,14,0,Tie,Win,否,Tie,两个回答均只有一句引言性开场白，均未对'基因敲除与基因敲入'的概念及本质区别做任何实质性回答，内容量和质量几乎相同，无法区分优劣，判为平局。
10,D1,基因编辑,什么是基因敲除（knockout）与基因敲入（knock-in）？二者有何本质区别？,persona_1_vs_persona_2,persona_1,persona_2,2,2,2,2,4,18,1,1,1,1,4,14,4,建议人工复核,Tie,否,Tie,两个回答均严重缺失实质内容，仅有开场白而无任何关于基因敲除与基因敲入的定义、机制或本质区别的阐述，均属于无效回答。A略优于B仅因其多了'直接说清楚'的表达，暗示可能是截断的完整回答。建议人工确认是否存在内容截断或显示异常问题。
11,D2,基因编辑,详述CRISPR-Cas9系统的工作机制，包括gRNA设计、靶向识别和DNA切割的全过程。,baseline_vs_persona_1,baseline,persona_1,5,5,5,5,5,100,5,5,5,4,5,94,6,Win,Loss,否,Tie,两个回答在事实正确性和完整性上均表现优秀，但A在深度与洞察维度明显占优：A明确引入了构象检查点（conformational checkpoint）这一近年单分子研究的核心发现，并清晰解释了HNH与RuvC协同激活的机制，以及Cas9切割后滞留产物的动力学细节，这些是B所缺失的机制层次。B的实用性补充（碱基编辑、RNP递送）有价值，但不足以弥补机制深度上的差距。
11,D2,基因编辑,详述CRISPR-Cas9系统的工作机制，包括gRNA设计、靶向识别和DNA切割的全过程。,baseline_vs_persona_2,baseline,persona_2,5,5,5,5,5,100,4,4,4,4,4,80,20,Win,Win,是,Win,Answer A在事实正确性上无误，且对构象检查点、HNH/RuvC协同激活等机制细节的描述深度显著优于Answer B。Answer B存在HNH与RuvC切割链归属的明显事实错误（两者描述互换），在事实正确性这一最高权重维度（40%）上必须扣分，导致总分差距明显。
11,D2,基因编辑,详述CRISPR-Cas9系统的工作机制，包括gRNA设计、靶向识别和DNA切割的全过程。,persona_1_vs_persona_2,persona_1,persona_2,5,5,5,5,5,100,4,4,5,4,4,84,16,Win,Win,是,Win,Answer A在事实正确性、完整性和深度洞察上均优于B，且无事实错误；Answer B存在HNH/RuvC切割链归属的描述错误（与主流文献相反），导致事实正确性扣分，其余维度也略逊于A，综合差距明显，A胜出。
12,D2,基因编辑,DNA双链断裂（DSB）后，细胞主要通过哪两种修复途径进行修复？各有什么特点？,baseline_vs_persona_1,baseline,persona_1,5,5,5,5,5,100,1,1,1,1,5,14,86,Win,Win,是,Win,Answer A提供了完整、准确、有深度的回答，详细介绍了NHEJ和HDR的分子机制、特点、细胞周期依赖性及其在CRISPR中的应用，并深入讨论了两者的竞争调控机制。Answer B几乎没有实质内容，仅有标题，无法满足问题的任何要求，A全面胜出。
12,D2,基因编辑,DNA双链断裂（DSB）后，细胞主要通过哪两种修复途径进行修复？各有什么特点？,baseline_vs_persona_2,baseline,persona_2,5,5,5,5,5,100,1,1,1,1,5,14,86,Win,Win,是,Win,Answer A提供了完整、准确、深入的回答，覆盖NHEJ和HDR两条途径的机制、特点、竞争关系及应用场景；Answer B实质上为空白回答，未提供任何有效信息，完全未回答问题，两者差距悬殊。
12,D2,基因编辑,DNA双链断裂（DSB）后，细胞主要通过哪两种修复途径进行修复？各有什么特点？,persona_1_vs_persona_2,persona_1,persona_2,1,1,1,1,5,12,1,1,1,1,5,12,0,Tie,Tie,是,Tie,两个回答均严重不完整，都只有开头引言而缺乏实质内容，无法对NHEJ和HDR的特点进行任何有效比较。两者质量相当（均极差），判定为平局，建议人工复核是否存在内容截断问题。
13,D2,基因编辑,什么是脱靶效应（off-target effect）？在CRISPR编辑中如何评估和降低脱靶风险？,baseline_vs_persona_1,baseline,persona_1,5,5,5,5,5,100,4,5,5,4,4,87,13,Win,Win,是,Win,Answer A在事实正确性上更为严谨，引用具体文献且各技术细节可核实；在深度与洞察维度，A额外涵盖了大片段缺失漏检、p53选择压力等前沿争议，体现了更高的学术视野；B虽有实操性强的优势，但在前沿深度和部分细节准确性上略有不足。综合加权评分A明显优于B。
13,D2,基因编辑,什么是脱靶效应（off-target effect）？在CRISPR编辑中如何评估和降低脱靶风险？,baseline_vs_persona_2,baseline,persona_2,5,5,5,5,5,100,4,5,5,4,4,86,14,Win,Win,是,Win,Answer A在事实正确性、深度与洞察及幻觉风险三个维度均优于B：A准确引用了具体文献（Kosicki、Ihry），并深入讨论了大片段缺失漏检和p53选择压力等前沿争议问题，而B缺乏这些关键洞察；A对seed region等概念的表述更为精确；两者完整性和逻辑清晰度相当，但A整体学术严谨性明显更高。
13,D2,基因编辑,什么是脱靶效应（off-target effect）？在CRISPR编辑中如何评估和降低脱靶风险？,persona_1_vs_persona_2,persona_1,persona_2,5,5,5,5,5,100,5,5,5,5,5,100,0,Tie,Tie,是,Tie,两个回答在事实正确性、完整性、逻辑清晰度、深度与洞察以及幻觉风险五个维度上均表现优秀，达到同等水平。Answer A在CBE RNA脱靶的机制解释和实际工作流程设计上更细致；Answer B在Nickase双切酶策略、场景化策略总结和高保真酶品种覆盖上更全面。两者各有侧重但整体质量相当，无法判定明确胜负。
14,D2,基因编辑,碱基编辑器（Base Editor）与传统CRISPR有何不同？CBE和ABE分别实现哪类碱基转换？,baseline_vs_persona_1,baseline,persona_1,5,5,5,5,5,100,1,1,1,1,4,16,84,Win,Win,是,Win,Answer A提供了完整、准确、有深度的科学解答，涵盖机制、代表工具和局限性，事实无误；Answer B几乎没有实质内容，仅有标题和人设引言，未回答问题，差距悬殊。
14,D2,基因编辑,碱基编辑器（Base Editor）与传统CRISPR有何不同？CBE和ABE分别实现哪类碱基转换？,baseline_vs_persona_2,baseline,persona_2,5,5,5,5,5,100,0,0,0,0,5,5,95,Win,Win,是,Win,Answer A提供了完整、准确、深入的回答，涵盖了问题的所有关键维度，包括传统CRISPR与碱基编辑器的核心区别、CBE和ABE的机制与代表工具，以及工具局限性分析；Answer B实际上没有提供任何实质性内容，仅有开场白，完全无法回答问题，因此Answer A全面胜出。
14,D2,基因编辑,碱基编辑器（Base Editor）与传统CRISPR有何不同？CBE和ABE分别实现哪类碱基转换？,persona_1_vs_persona_2,persona_1,persona_2,0,0,0,0,3,6,0,0,0,0,3,6,0,Tie,Tie,是,Tie,两个回答均只包含引言性开场白，没有任何实质性内容回答问题，均未涉及碱基编辑器与传统CRISPR的区别，也未说明CBE和ABE的碱基转换类型。两者在所有维度上表现相同，均为无效回答，判为平局。
15,D2,基因编辑,Prime Editing（先导编辑）的工作原理是什么？它相比碱基编辑器有哪些优势和局限？,baseline_vs_persona_1,baseline,persona_1,5,4,5,4,5,92,1,1,1,1,5,14,78,Win,Win,是,Win,Answer A提供了详尽、准确的Prime Editing机制描述，涵盖核心组件、逐步分子机制及PE系统迭代历史，事实正确性高、逻辑清晰；Answer B实质上未作答，仅有一句引言性表述，完全未回应问题，两者差距悬殊。Answer A唯一不足是未展示与碱基编辑器的对比（可能因内容被截断），但整体质量仍远超Answer B。
15,D2,基因编辑,Prime Editing（先导编辑）的工作原理是什么？它相比碱基编辑器有哪些优势和局限？,baseline_vs_persona_2,baseline,persona_2,5,3,5,4,5,74,1,1,1,1,3,14,60,Win,Win,是,Win,Answer A提供了准确、详细、逻辑清晰的Prime Editing工作原理描述，技术细节可核实且无明显错误；Answer B几乎没有任何实质内容，仅有标题，完全未回答问题。唯一的不足是Answer A未涵盖问题要求的与碱基编辑器相比的优劣分析部分，但这与Answer B的完全缺失相比仍具有压倒性优势。
15,D2,基因编辑,Prime Editing（先导编辑）的工作原理是什么？它相比碱基编辑器有哪些优势和局限？,persona_1_vs_persona_2,persona_1,persona_2,0,0,0,0,3,3,0,0,0,0,3,3,0,Tie,建议人工复核,否,Tie,两个回答均未提供任何实质性内容：Answer A仅有一句开场白，Answer B仅有标题和分隔线。两者在所有评估维度上均无法得分，质量相当，判为平局，但建议人工复核原始回答是否存在截断或格式问题。
16,D2,基因编辑,Cas9与Cas12a（Cpf1）在结构和切割机制上有何主要差异？,baseline_vs_persona_1,baseline,persona_1,5,5,5,5,5,100,4,5,5,4,4,87,13,Win,Win,是,Win,Answer A在事实正确性上无瑕疵，且主动纠正了领域内常见误解，深度与洞察显著更优。Answer B存在将SHERLOCK与Cas12a collateral cleavage混为一谈的事实性错误（SHERLOCK核心基于Cas13），以及切割位点表述歧义，导致事实正确性和幻觉风险均有扣分，综合评分差距明显。
16,D2,基因编辑,Cas9与Cas12a（Cpf1）在结构和切割机制上有何主要差异？,baseline_vs_persona_2,baseline,persona_2,5,5,5,5,5,100,4,4,5,4,4,84,16,Win,Win,是,Win,Answer A在事实正确性上无懈可击，且对切割机制的描述更为精准（RuvC同一活性位点的构象变化切割双链），并主动纠正了常见误解；Answer B将SHERLOCK（基于Cas13）与Cas12a应用混淆，且'Cas9切割后失活'的表述有误，这些事实性错误拉低了其整体评分。
16,D2,基因编辑,Cas9与Cas12a（Cpf1）在结构和切割机制上有何主要差异？,persona_1_vs_persona_2,persona_1,persona_2,4,5,5,5,4,93,4,5,5,4,4,89,4,Win,Tie,否,Tie,两个回答在事实正确性、完整性和逻辑清晰度上均表现优秀，差距主要体现在深度与洞察维度：Answer A明确指出Cas9的HNH+RuvC双结构域分工、Cas12a切割位点的具体数字、collateral cleavage在诊断和编辑应用中的利弊权衡，以及NHEJ在植物中仍占主导这一现实局限，实际指导性更强；Answer B虽补充了进化脉络视角，但对应用场景的深度分析略逊于A，综合判定A胜出。
17,D2,基因编辑,什么是同源定向修复（HDR）？影响HDR效率的关键因素有哪些？,baseline_vs_persona_1,baseline,persona_1,5,5,5,5,5,100,4,5,5,5,4,92,8,Win,Loss,否,Tie,两个回答均高质量，但Answer A在事实准确性上更为严谨，对存疑结果（如RS-1效果不稳定）有明确标注，避免了绝对化表述；其末尾关于HDR效率报告标准化的系统性反思体现了更深的学术洞察力。Answer B虽然结构生动、植物体系覆盖更详细，但对ssODN链方向优劣的表述过于绝对，且具体效率数字的列出方式可能产生误导，在事实严谨性上略逊。
17,D2,基因编辑,什么是同源定向修复（HDR）？影响HDR效率的关键因素有哪些？,baseline_vs_persona_2,baseline,persona_2,5,5,5,5,5,100,4,4,5,4,4,84,16,Win,Win,是,Win,Answer A在事实准确性、完整性和深度上均优于B：机制描述更严谨，覆盖因素更全面，且包含对HDR文献可重复性问题的批判性反思，这是B所缺乏的。B存在小麦基因组大小轻微偏差和ssODN同源臂长度描述偏低等小瑕疵，整体深度也不及A。
17,D2,基因编辑,什么是同源定向修复（HDR）？影响HDR效率的关键因素有哪些？,persona_1_vs_persona_2,persona_1,persona_2,5,5,5,5,4,96,5,4,5,4,5,86,10,Win,Win,是,Win,Answer A在完整性和深度与洞察两个维度明显优于B：A提供了量化的物种HDR效率对比、分子机制层面的详细阐释（如CDK1/2磷酸化CtIP）、多种NHEJ抑制靶点的系统梳理，以及HDR与碱基编辑/Prime Editing的决策框架，内容更全面、更具实用指导价值。B虽准确简洁，但深度和覆盖面不及A，总体质量差距明显。
18,D2,基因编辑,表观基因组编辑（Epigenome Editing）的概念是什么？dCas9融合系统如何实现靶向表观修饰？,baseline_vs_persona_1,baseline,persona_1,5,5,5,5,5,100,4,4,4,4,4,80,20,Win,Win,是,Win,Answer A在事实准确性、技术深度和逻辑严谨性上均优于Answer B。A对DNMT3L协同机制、旁观者效应、修饰持久性等关键技术问题的阐述更为深入精准，并引用了可核实的文献。B将VP64/VPR归类为'组蛋白激活修饰'的分类方式存在概念混淆，且对技术局限性的讨论明显不足，整体专业深度低于A。
18,D2,基因编辑,表观基因组编辑（Epigenome Editing）的概念是什么？dCas9融合系统如何实现靶向表观修饰？,baseline_vs_persona_2,baseline,persona_2,5,5,5,5,5,100,1,1,1,1,3,14,86,Win,Win,是,Win,Answer A提供了完整、准确、深度的专业回答，覆盖概念定义、机制原理、技术局限和前沿进展，各维度均表现优秀；Answer B实际上未提供任何实质性内容，仅有开场白而正文缺失，属于无效回答，两者差距悬殊，A明确胜出。
18,D2,基因编辑,表观基因组编辑（Epigenome Editing）的概念是什么？dCas9融合系统如何实现靶向表观修饰？,persona_1_vs_persona_2,persona_1,persona_2,5,5,5,5,5,100,1,1,1,1,3,14,86,Win,Win,是,Win,Answer A提供了完整、准确、深入的表观基因组编辑及dCas9融合系统解析，涵盖概念、原理、功能模块、系统对比及前沿方向，质量极高。Answer B实质上是一个被截断的空回答，仅有开场白而无任何实质内容，完全未回答问题，因此Answer A全面胜出。
19,D2,基因编辑,CRISPR筛选（CRISPR screen）分为哪几种类型？全基因组筛选的工作流程是什么？,baseline_vs_persona_1,baseline,persona_1,2,1,2,1,3,18,2,1,2,1,3,18,0,Tie,建议人工复核,否,Tie,两个回答均没有提供任何实质性内容，Answer A仅有一个标题，Answer B有标题和一句引言式短语，但两者都完全没有回答关于CRISPR筛选类型和全基因组筛选工作流程的问题。两者质量同等低劣，无法区分优劣，判定为平局。
19,D2,基因编辑,CRISPR筛选（CRISPR screen）分为哪几种类型？全基因组筛选的工作流程是什么？,baseline_vs_persona_2,baseline,persona_2,0,0,0,0,3,3,0,0,0,0,3,3,0,Tie,Tie,是,Tie,两个回答均仅包含标题行而无任何实质性内容，都未能回答关于CRISPR筛选类型及全基因组筛选工作流程的问题，质量完全相同，判为平局。
19,D2,基因编辑,CRISPR筛选（CRISPR screen）分为哪几种类型？全基因组筛选的工作流程是什么？,persona_1_vs_persona_2,persona_1,persona_2,3,2,2,2,3,46,3,2,2,2,3,46,0,Tie,Tie,是,Tie,两个回答均未提供任何实质性内容，Answer A仅有标题和一句引导语，Answer B仅有标题，均未回答CRISPR筛选类型及全基因组筛选工作流程的核心问题。两者在所有评估维度上表现相当，无法区分优劣，判定为平局，建议人工复核是否存在内容截断问题。
20,D2,基因编辑,什么是同源重组与非同源末端连接？在不同细胞周期阶段各自的活跃程度如何？,baseline_vs_persona_1,baseline,persona_1,1,1,1,1,5,14,1,1,1,1,5,14,0,Tie,Win,否,Tie,两个回答均未实质性回答问题，A仅有一句总括性陈述，B仅有一句开场白，两者均严重缺乏实质内容，在所有可评估维度上表现相当，无法区分优劣，判为平局。
20,D2,基因编辑,什么是同源重组与非同源末端连接？在不同细胞周期阶段各自的活跃程度如何？,baseline_vs_persona_2,baseline,persona_2,2,1,2,1,5,22,1,1,1,1,5,16,6,Win,Win,是,Win,两个回答均严重不完整，都未实质性地回答HR与NHEJ的机制及细胞周期活跃程度的问题。但Answer A至少提供了一个方向性正确的框架（DSB修复两条核心通路、机制有根本差异），略优于Answer B的纯引导语。综合来看A略胜，但两者均质量极低，建议人工补充正式答案。
20,D2,基因编辑,什么是同源重组与非同源末端连接？在不同细胞周期阶段各自的活跃程度如何？,persona_1_vs_persona_2,persona_1,persona_2,0,0,0,0,5,5,0,0,0,0,5,5,0,Tie,Tie,是,Tie,两个回答内容完全相同，均只有一句无实质意义的开场白，未对问题作出任何有效回答。两者在所有维度上表现一致，无法区分优劣，判定为平局。
21,D3,基因编辑,AAV病毒载体在体内基因治疗中的应用现状如何？其主要瓶颈是什么？,baseline_vs_persona_1,baseline,persona_1,2,1,2,1,5,14,5,5,5,5,4,95,-81,Loss,Loss,是,Loss,Answer A几乎是空白回答，仅提供一句无实质内容的导语，完全没有回答问题；而Answer B提供了全面、准确、有深度的专业分析，涵盖现状、瓶颈机制和前沿方向，两者质量差距极大，B全面胜出。
21,D3,基因编辑,AAV病毒载体在体内基因治疗中的应用现状如何？其主要瓶颈是什么？,baseline_vs_persona_2,baseline,persona_2,3,2,3,2,4,46,2,1,2,1,4,24,22,Win,Win,是,Win,Answer A虽然内容极为简短且不完整，但至少提供了一个方向正确的概括性陈述，具备基本的事实框架；Answer B几乎没有任何实质回答内容，正文完全缺失，仅有声明和空白格式，无法为用户提供任何有效信息，在所有实质性维度上均严重失分。
21,D3,基因编辑,AAV病毒载体在体内基因治疗中的应用现状如何？其主要瓶颈是什么？,persona_1_vs_persona_2,persona_1,persona_2,5,4,5,5,5,96,1,1,1,1,3,14,82,Win,Win,是,Win,Answer A提供了完整、准确、有深度的回答，涵盖已批准产品、主要瓶颈及前瞻判断；Answer B正文严重截断，仅有开头声明而无任何实质内容，无法完成对问题的回答，两者差距悬殊，A明显胜出。
22,D3,基因编辑,CAR-T细胞疗法中，CRISPR技术如何被用于制备通用型（allogeneic）CAR-T细胞？,baseline_vs_persona_1,baseline,persona_1,4,4,4,4,4,80,1,1,1,1,3,14,66,Win,Win,是,Win,Answer A虽然只展示了开头，但已准确定位了通用型CAR-T制备的核心工程挑战（GvHD与宿主排斥），内容有实质性且方向正确；Answer B几乎没有提供任何实质内容，仅一句引言声明即结束，完全未回答问题，两者差距悬殊。
22,D3,基因编辑,CAR-T细胞疗法中，CRISPR技术如何被用于制备通用型（allogeneic）CAR-T细胞？,baseline_vs_persona_2,baseline,persona_2,3,2,3,2,4,26,5,5,5,5,4,96,-70,Loss,Loss,是,Loss,Answer A实质上是一个未完成的回答，仅提供了问题框架的引入，缺乏任何实质性内容；而Answer B提供了系统、准确、深入的完整解答，涵盖编辑靶点机制、技术挑战、临床进展及未来方向，两者差距悬殊，B全面胜出。
22,D3,基因编辑,CAR-T细胞疗法中，CRISPR技术如何被用于制备通用型（allogeneic）CAR-T细胞？,persona_1_vs_persona_2,persona_1,persona_2,1,1,1,1,3,12,5,5,5,5,4,96,-84,Loss,Loss,是,Loss,Answer A实质上是一个未完成的回答，仅包含开场白而无任何实质内容，在所有评估维度上均无法得分。Answer B则提供了系统、深入、事实准确的完整回答，覆盖了通用型CAR-T制备的所有关键技术要素，差距极为悬殊，判定A为Loss。
23,D3,基因编辑,镰刀型细胞贫血症的基因治疗中，CRISPR是如何重新激活胎儿血红蛋白的？,baseline_vs_persona_1,baseline,persona_1,0,0,1,0,5,12,0,0,1,0,5,12,0,Tie,Tie,是,Tie,两个回答均未实质性回答问题，仅提供了引导性开场白，均缺乏对CRISPR激活胎儿血红蛋白机制的任何具体阐述。Answer B略微提及碱基编辑与DSB对比的方向，但同样未展开，两者整体质量相当，判为平局。
23,D3,基因编辑,镰刀型细胞贫血症的基因治疗中，CRISPR是如何重新激活胎儿血红蛋白的？,baseline_vs_persona_2,baseline,persona_2,1,0,1,0,5,14,3,2,3,2,4,28,-14,Loss,建议人工复核,否,Tie,Answer A实质上是一个无效回答，未提供任何与问题相关的信息，仅有一句无内容的开场白。Answer B虽然内容被截断、不完整，但至少提供了部分背景信息（Casgevy 2023年获批），有一定的结构框架，在所有维度上均优于A。两者均未能完整回答问题，但B明显优于A。
23,D3,基因编辑,镰刀型细胞贫血症的基因治疗中，CRISPR是如何重新激活胎儿血红蛋白的？,persona_1_vs_persona_2,persona_1,persona_2,1,1,1,1,3,14,3,2,2,2,3,24,-10,Loss,Loss,是,Loss,两个回答均未完整回答问题，但B相对A提供了更多有效信息，包括正确提及Casgevy获批的事实和更清晰的结构框架；A仅有一句开场白，在完整性、深度和事实正确性上全面落后于B，因此判定A为Loss。
24,D3,基因编辑,异种器官移植（Xenotransplantation）领域中，猪基因组需要进行哪些主要的基因编辑修改？,baseline_vs_persona_1,baseline,persona_1,5,5,5,5,5,97,4,5,5,4,4,84,13,Win,Win,是,Win,Answer A在事实准确性上更为严谨，对不确定信息均标注争议，且PERV拷贝数表述与原始文献更一致；Answer B出现了eGenesis编辑数量可疑（69个vs已知10个基因修改）、PERV数量前后矛盾等潜在事实错误，削弱了其可信度。在深度和洞察方面，A对凝血不相容、PCMV问题、监管争议的分析更为深刻和准确，综合评分A明显优于B。
24,D3,基因编辑,异种器官移植（Xenotransplantation）领域中，猪基因组需要进行哪些主要的基因编辑修改？,baseline_vs_persona_2,baseline,persona_2,5,5,5,5,5,100,4,5,5,4,4,86,14,Win,Loss,否,Tie,Answer A在事实准确性上无明显瑕疵，同时对关键争议点（PERV监管、PCMV风险、MHC替换分歧）有更客观的呈现，体现了更高的学术严谨性；Answer B整体质量也较高，但存在个别数据表述的核实风险，且部分洞察深度略逊，工具类比的插入影响了专业聚焦性。
24,D3,基因编辑,异种器官移植（Xenotransplantation）领域中，猪基因组需要进行哪些主要的基因编辑修改？,persona_1_vs_persona_2,persona_1,persona_2,4,4,5,4,3,79,4,5,5,5,4,85,-6,Loss,Loss,是,Loss,两个回答在框架和核心内容上高度相似，均覆盖了异种移植基因编辑的主要模块。但Answer B在完整性上更胜一筹（额外涵盖hTFPI、GHR敲除、肝脏挑战等），在深度与洞察上提供了更精准的临床案例分析和机制解析，PERV位点数（62个）也与已知文献更吻合，幻觉风险更低。Answer A在PERV位点数（25个）和eGenesis编辑数量（69个）上存在潜在准确性问题，略微拉低了得分。
25,D3,基因编辑,体细胞基因编辑与生殖系基因编辑在伦理层面存在哪些本质差异？,baseline_vs_persona_1,baseline,persona_1,3,2,2,2,4,26,1,1,1,1,5,18,8,建议人工复核,Tie,否,Tie,两个回答均未提供实质性内容，A仅有结构标题，B仅有一句引入语，均无法有效回答问题。在极低基准上A略优于B（提供了标题框架），但两者均属严重不完整回答，建议人工复核以确认是否存在回答截断或提交错误。
25,D3,基因编辑,体细胞基因编辑与生殖系基因编辑在伦理层面存在哪些本质差异？,baseline_vs_persona_2,baseline,persona_2,3,2,2,2,4,26,3,1,1,1,4,20,6,建议人工复核,建议人工复核,是,建议人工复核,两个回答均未提供实质性内容，Answer A仅有标题，Answer B有标题加一句引言但同样缺乏正文。两者质量均极低，无法对问题作出有效回答，建议人工复核以确认是否存在内容截断或提交错误的情况。
25,D3,基因编辑,体细胞基因编辑与生殖系基因编辑在伦理层面存在哪些本质差异？,persona_1_vs_persona_2,persona_1,persona_2,1,0,1,0,5,14,1,0,1,0,5,14,0,Tie,Tie,是,Tie,两个回答均未提供任何实质性内容，Answer A仅有一句引导语，Answer B仅有标题和一句过渡语，均未回答体细胞与生殖系基因编辑在伦理层面的本质差异。两者在所有维度上表现相当，判为平局，建议人工复核原始回答是否存在内容截断问题。
26,D3,基因编辑,单碱基分辨率的基因组编辑在遗传病治疗中有哪些最新进展？,baseline_vs_persona_1,baseline,persona_1,2,1,2,1,4,22,2,1,2,1,4,22,0,Tie,建议人工复核,否,Tie,两个回答均只提供了开场引言而无任何实质性内容，A仅有一句引导语，B仅有引导语加格式分隔线，两者在所有评估维度上表现完全相当，均属于无效回答，无法判定优劣，建议要求重新作答。
26,D3,基因编辑,单碱基分辨率的基因组编辑在遗传病治疗中有哪些最新进展？,baseline_vs_persona_2,baseline,persona_2,1,1,1,1,5,18,1,1,1,1,5,18,0,Tie,建议人工复核,否,Tie,两个回答均仅包含开场引言，均未提供任何实质性内容，无法在任何维度上区分优劣，判为平局。建议人工复核是否存在回答截断或提交不完整的情况。
26,D3,基因编辑,单碱基分辨率的基因组编辑在遗传病治疗中有哪些最新进展？,persona_1_vs_persona_2,persona_1,persona_2,1,1,1,1,3,12,1,1,1,1,3,12,0,Tie,Tie,是,Tie,两个回答均仅包含开场引子，正文内容完全缺失，无法对单碱基分辨率基因组编辑的最新进展作出任何实质性回答。两者在所有评估维度上表现相同，均无法满足问题需求，故判定为平局。
27,D3,基因编辑,基因驱动（Gene Drive）技术的原理是什么？在疾病防控领域有哪些潜在应用与生态风险？,baseline_vs_persona_1,baseline,persona_1,5,5,5,5,5,100,4,5,4,4,4,84,16,Win,Win,是,Win,Answer A在事实准确性、逻辑深度和洞察力上均优于B。A对已知与未知风险的分类处理、对学界分歧的诚实呈现、对治理主权问题的独立判断，展示了更高水准的专业分析。B存在'按蚊属60+种'这一明显事实错误（实际460余种），且部分分析（风险矩阵数值、伪代码框架）流于形式而缺乏实质支撑，综合质量明显低于A。
27,D3,基因编辑,基因驱动（Gene Drive）技术的原理是什么？在疾病防控领域有哪些潜在应用与生态风险？,baseline_vs_persona_2,baseline,persona_2,5,4,5,5,5,96,4,5,4,4,4,86,10,Win,Tie,否,Tie,Answer A在事实正确性、逻辑清晰度和深度洞察上均优于B：A准确引用了关键文献，明确区分共识与争议，对进化抗性、治理主权等核心问题的分析更为精准。B虽然内容广度更大，但存在格式繁杂、个别引用可核实性存疑（2023 NAS报告具体措辞）以及代码块形式化掩盖内容简化等问题，综合质量略逊。
27,D3,基因编辑,基因驱动（Gene Drive）技术的原理是什么？在疾病防控领域有哪些潜在应用与生态风险？,persona_1_vs_persona_2,persona_1,persona_2,5,4,4,4,4,82,5,5,5,5,4,89,-7,Loss,Loss,是,Loss,两个回答事实正确性相当，但B在完整性、逻辑清晰度和深度洞察三个维度均优于A：B系统覆盖了Drive类型谱系、技术缓解策略和监管框架，而A在这些方面较为简略；B对核心矛盾（'基因编辑精度远超生态预测能力'）的提炼更为精准，综合质量明显更高。
28,D3,基因编辑,体外（ex vivo）与体内（in vivo）基因治疗策略的主要区别是什么？各自适合哪类疾病？,baseline_vs_persona_1,baseline,persona_1,3,3,3,3,3,60,1,1,1,1,3,20,40,Win,Win,是,Win,Answer A虽然仅显示了标题部分，但至少有结构框架和明确的回答方向；Answer B几乎完全为空，仅有一句引导语和分隔线，未提供任何实质性内容，在所有维度上都无法满足问题要求。因此A在此次评估中明显优于B。
28,D3,基因编辑,体外（ex vivo）与体内（in vivo）基因治疗策略的主要区别是什么？各自适合哪类疾病？,baseline_vs_persona_2,baseline,persona_2,0,0,0,0,3,3,1,1,1,1,4,8,-5,Loss,建议人工复核,否,Tie,Answer A几乎没有任何实质内容，仅有一个标题，无法回答问题；Answer B虽然内容也极为简短且不完整，但至少提供了一个正确的方向性陈述。两者均未充分回答问题，但B在有限内容上略优于A，因此判定A为Loss。
28,D3,基因编辑,体外（ex vivo）与体内（in vivo）基因治疗策略的主要区别是什么？各自适合哪类疾病？,persona_1_vs_persona_2,persona_1,persona_2,2,1,2,1,4,22,2,1,2,1,4,24,-2,Tie,Tie,是,Tie,两个回答均严重不完整，几乎没有实质性内容，均未真正回答问题。B略优于A，因为B至少提出了一个有意义的核心论断（编辑位置决定递送、安全性和适应症），而A仅有无实质内容的开场白。但两者差距极小，实质上均为无效回答，建议判为平局。
29,D4,基因编辑,大片段基因组结构变异（SVs）的精准编辑面临哪些技术瓶颈？现有解决方案是什么？,baseline_vs_persona_1,baseline,persona_1,3,2,2,2,4,26,3,2,2,2,4,26,0,Tie,Tie,是,Tie,两个回答均严重不完整，仅包含引言/标题部分，均未对大片段基因组结构变异精准编辑的技术瓶颈和解决方案提供任何实质性内容。在所有维度上两者表现相当，无法分出优劣，判定为平局，建议人工复核是否为截断回答。
29,D4,基因编辑,大片段基因组结构变异（SVs）的精准编辑面临哪些技术瓶颈？现有解决方案是什么？,baseline_vs_persona_2,baseline,persona_2,2,1,1,1,5,20,2,1,1,1,5,20,0,Tie,Tie,是,Tie,两个回答均仅包含开场白性质的引言，没有提供任何实质性内容来回答关于大片段基因组结构变异精准编辑技术瓶颈及解决方案的问题。两者在所有评估维度上表现相同，差异可忽略不计，判为平局，建议人工复核是否存在回答被截断的情况。
29,D4,基因编辑,大片段基因组结构变异（SVs）的精准编辑面临哪些技术瓶颈？现有解决方案是什么？,persona_1_vs_persona_2,persona_1,persona_2,3,2,2,2,4,38,1,1,1,1,5,18,20,Win,Tie,否,Tie,两个回答均严重不完整，但Answer A至少提供了标题结构、问题框架和一定的引导性描述，而Answer B几乎为空白，仅有一句无实质内容的开场白。A在完整性、逻辑清晰度和深度方面均优于B，因此判A胜出，但两者整体质量均极低，建议人工复核是否为截断回答。
30,D4,基因编辑,CRISPR递送系统（纳米颗粒、细胞外囊泡等）在体内靶向性方面的最新突破与挑战是什么？,baseline_vs_persona_1,baseline,persona_1,5,5,5,5,4,97,4,4,4,4,4,80,17,Win,Win,是,Win,Answer A在所有维度上均优于或持平Answer B：事实精准度更高（具体机制数值、实验室归因更可靠）、覆盖面更完整（含eVLP、蛋白纳米笼、刺激响应等方向）、对核心矛盾（内体逃逸效率约1-2%、蛋白冠机制、小鼠到人转化鸿沟、方法学缺陷）的分析深度显著超越Answer B。Answer B的微型核酸酶视角有亮点但整体深度和完整性明显不及A。
30,D4,基因编辑,CRISPR递送系统（纳米颗粒、细胞外囊泡等）在体内靶向性方面的最新突破与挑战是什么？,baseline_vs_persona_2,baseline,persona_2,5,5,5,5,4,96,4,3,4,3,4,72,24,Win,Win,是,Win,Answer A在事实准确性、覆盖完整性和深度洞察三个核心维度均显著优于Answer B：其对各平台机制的量化分析（内体逃逸1-2%、蛋白冠重塑机制）、对文献体内证据不足的方法学批评、以及系统性trade-off分析，均体现出更高的专业深度。Answer B存在可核实的期刊名事实错误（Nature vs Nature Biotechnology），且内容覆盖面不及A，植物/农业端内容偏离问题核心，整体质量差距明显。
30,D4,基因编辑,CRISPR递送系统（纳米颗粒、细胞外囊泡等）在体内靶向性方面的最新突破与挑战是什么？,persona_1_vs_persona_2,persona_1,persona_2,4,5,5,5,4,96,4,4,4,4,4,82,14,Win,Win,是,Win,Answer A在完整性、逻辑清晰度和深度与洞察三个核心维度均显著优于B，尤其在靶向-效率trade-off铁律分析、CNS递送专项、免疫原性三层拆解等方面提供了更高质量的洞察；Answer B存在Intellia编辑效率数据可疑夸大（>90%）的幻觉风险，而A在主要事实点上更为准确和克制，综合来看A明显胜出。
31,D4,基因编辑,染色质三维结构（3D genome）如何影响CRISPR编辑效率？是否存在针对高级染色质结构的编辑策略？,baseline_vs_persona_1,baseline,persona_1,0,0,0,0,5,5,0,0,0,0,5,5,0,Tie,建议人工复核,否,Tie,两个回答均未提供任何实质性内容：Answer A仅有标题，Answer B仅有一句引导语和分隔线，双方均无法在任何实质维度上得分，判为平局。建议对该问题重新征集完整回答后再行评判。
31,D4,基因编辑,染色质三维结构（3D genome）如何影响CRISPR编辑效率？是否存在针对高级染色质结构的编辑策略？,baseline_vs_persona_2,baseline,persona_2,2,2,2,2,3,22,2,2,2,2,3,22,0,Tie,建议人工复核,否,Tie,两个回答均未提供任何实质性内容，Answer A仅有标题，Answer B仅有引言性铺垫和空白分隔线，均未回答关于染色质三维结构影响CRISPR编辑效率的机制及相关策略，实质内容缺失程度相当，无法判定优劣，判为平局。
31,D4,基因编辑,染色质三维结构（3D genome）如何影响CRISPR编辑效率？是否存在针对高级染色质结构的编辑策略？,persona_1_vs_persona_2,persona_1,persona_2,3,2,2,2,4,37,3,2,2,2,4,38,-1,Tie,Tie,是,Tie,两个回答均严重不完整，都只提供了引言性开头而缺乏实质内容，无法对问题进行有效回答。在如此有限的内容基础上，两者质量几乎相当，B略有引言性洞察，但差距极小，无法判定实质性优劣，建议以实质回答内容重新评估。
32,D4,基因编辑,如何利用AI/机器学习方法预测和优化gRNA的编辑效率与特异性？当前最优模型有哪些局限？,baseline_vs_persona_1,baseline,persona_1,5,5,5,5,5,100,4,4,4,4,4,80,20,Win,Win,是,Win,A在深度与洞察维度表现突出，对off-target'已知未知'框架、indel谱预测难度分级、评估指标不统一作为领域基础设施问题等核心洞察，均超越了工具罗列层面。B的植物系统视角有独特价值，但覆盖面和分析深度整体不及A，且存在轻微事实核实风险。
32,D4,基因编辑,如何利用AI/机器学习方法预测和优化gRNA的编辑效率与特异性？当前最优模型有哪些局限？,baseline_vs_persona_2,baseline,persona_2,5,4,5,5,5,97,4,5,4,4,4,86,11,Win,Tie,否,Tie,Answer A在深度与洞察和逻辑清晰度两个高权重维度上均达到最高水准，对核心局限的分析（3D基因组缺失、off-target已知未知问题、indel谱预测、评估指标不统一）更具学术深度且论证严密；Answer B在完整性上略优（覆盖了更多新型编辑器和实际工作流），但深度分析不及A，且代码/文字混排降低了逻辑可读性，综合加权后A显著胜出。
32,D4,基因编辑,如何利用AI/机器学习方法预测和优化gRNA的编辑效率与特异性？当前最优模型有哪些局限？,persona_1_vs_persona_2,persona_1,persona_2,4,4,4,4,4,80,4,5,5,5,4,92,-12,Loss,Loss,是,Loss,B在完整性、逻辑清晰度和深度洞察三个高权重维度上均优于A：B增加了大语言模型/DNA基础模型新进展的讨论、提供了可执行的分层工作流代码、量化了模型在植物中的实际命中率，并给出面向不同背景用户的差异化建议；而A虽然核心观点准确，但覆盖面较窄、缺乏对新兴方向的分析且可操作性较弱，综合差距明显。
33,D4,基因编辑,多重基因组编辑（multiplex editing）在工业微生物改造中的理论极限与实践障碍分别是什么？,baseline_vs_persona_1,baseline,persona_1,2,1,2,1,4,18,2,1,2,1,4,18,0,Tie,Tie,是,Tie,两个回答均严重残缺，仅包含引言性或标题性内容，完全未回答关于多重基因组编辑理论极限与实践障碍的实质问题。在所有可评估维度上两者表现相当，无法判定优劣，建议要求提供完整回答后重新评估。
33,D4,基因编辑,多重基因组编辑（multiplex editing）在工业微生物改造中的理论极限与实践障碍分别是什么？,baseline_vs_persona_2,baseline,persona_2,2,1,2,1,4,22,2,1,2,1,4,22,0,Tie,建议人工复核,否,Tie,两个回答均只提供了开场引子，完全缺乏实质性内容，均未回答多重基因组编辑的理论极限与实践障碍。在所有可评估维度上表现相当，无法区分优劣，判为平局，建议人工复核是否存在回答内容被截断的情况。
33,D4,基因编辑,多重基因组编辑（multiplex editing）在工业微生物改造中的理论极限与实践障碍分别是什么？,persona_1_vs_persona_2,persona_1,persona_2,3,2,2,2,4,42,3,2,2,2,4,42,0,Tie,Tie,是,Tie,两个回答均仅呈现了引导性开场白，没有任何实质性内容回答关于多重基因组编辑理论极限与实践障碍的问题。在所有可评估维度上两者表现几乎等同，均严重不完整，无法区分优劣，判为平局，建议人工复核是否存在内容截断问题。
34,D1,植物基因组工程,什么是植物转基因技术？农杆菌介导转化法的基本原理是什么？,baseline_vs_persona_1,baseline,persona_1,0,0,0,0,5,5,3,2,4,2,5,31,-26,Loss,Loss,是,Loss,Answer A仅有标题，没有任何实质性内容，几乎所有维度得0分；Answer B虽然没有回答农杆菌介导转化法的原理，但至少正确介绍了植物转基因技术的概念和基本流程，在事实正确性、逻辑清晰度等维度均优于A。因此B明显优于A。
34,D1,植物基因组工程,什么是植物转基因技术？农杆菌介导转化法的基本原理是什么？,baseline_vs_persona_2,baseline,persona_2,0,0,0,0,5,5,4,2,4,2,5,33.5,-28.5,Loss,Loss,是,Loss,Answer A 为空白回答，实质上未作任何回应，在完整性、事实正确性、逻辑清晰度和深度方面均得0分。Answer B 虽未完整回答农杆菌介导转化法的原理，但至少提供了关于植物转基因技术的基本正确信息，综合表现显著优于A。
34,D1,植物基因组工程,什么是植物转基因技术？农杆菌介导转化法的基本原理是什么？,persona_1_vs_persona_2,persona_1,persona_2,3,2,3,2,4,52,3,2,3,2,4,52,0,Tie,Tie,是,Tie,两个回答内容完全一致，均只涵盖了植物转基因技术的基本定义和流程概述，而对问题明确要求的农杆菌介导转化法基本原理完全未作回答，两者在所有评分维度上表现相同，判为平局。
35,D1,植物基因组工程,什么是基因枪（biolistics）法？它与农杆菌法的主要区别是什么？,baseline_vs_persona_1,baseline,persona_1,5,5,5,5,5,100,4,4,5,4,5,86,14,Win,Win,是,Win,Answer A在事实深度（叶绿体转化的同源重组精准整合、整合机制NHEJ、商业育种平台选择背景）和完整性上明显优于B；B的表格和比喻简洁有力，但遗漏了叶绿体转化这一基因枪最重要的不可替代场景，且'PDS法'作为biolistics通用别名略有不准确，综合来看A胜出。
35,D1,植物基因组工程,什么是基因枪（biolistics）法？它与农杆菌法的主要区别是什么？,baseline_vs_persona_2,baseline,persona_2,5,5,5,5,5,100,4,3,4,3,4,72,28,Win,Win,是,Win,Answer A在事实准确性、完整性和深度上均显著优于Answer B，尤其是叶绿体转化场景的专业洞察和监管视角的分析体现了更高层次的知识整合。Answer B在玉米/大豆应用归类上存在误导性表述，且缺失多个重要知识点，整体质量差距明显。
35,D1,植物基因组工程,什么是基因枪（biolistics）法？它与农杆菌法的主要区别是什么？,persona_1_vs_persona_2,persona_1,persona_2,5,4,5,4,5,86,5,5,5,5,5,92,-6,Loss,Win,否,Tie,两个回答事实正确性均无问题，但B在完整性和深度上优于A：B额外提供了颗粒尺寸参数、更具体的典型应用物种，以及T0/T1代间基因沉默问题和Southern blot验证的实操建议，对读者的实际指导价值更高，因此B胜出。
36,D1,植物基因组工程,植物基因组与动物基因组相比有哪些独特特征（如多倍体、重复序列等）？,baseline_vs_persona_1,baseline,persona_1,5,4,5,5,5,92,4,5,5,5,4,84,8,Win,Tie,否,Tie,Answer A在事实正确性上无明显瑕疵，而Answer B存在一处明显的方向性事实错误——将'植物缺乏Piwi-piRNA系统'与'动物缺乏Piwi-piRNA系统'混淆，此为可核实的客观错误。尽管B在覆盖维度上更广、格式更丰富，但在事实正确性权重（45%）的主导下，A的综合得分显著优于B。
36,D1,植物基因组工程,植物基因组与动物基因组相比有哪些独特特征（如多倍体、重复序列等）？,baseline_vs_persona_2,baseline,persona_2,5,5,5,5,5,100,4,4,5,4,4,84,16,Win,Win,是,Win,Answer A在事实正确性、完整性和深度上均优于Answer B：数据更加精确，涵盖了弥散着丝粒、植物线粒体多构型结构、TE应激激活假说等更深层的专业内容，逻辑层次也更为严谨；Answer B虽增加了CHH甲基化维度，但整体深度和覆盖面均略逊，综合评分差距明显。
36,D1,植物基因组工程,植物基因组与动物基因组相比有哪些独特特征（如多倍体、重复序列等）？,persona_1_vs_persona_2,persona_1,persona_2,4,5,5,5,4,92,4,4,5,4,4,83,9,Win,Win,是,Win,Answer A在完整性和深度上显著优于B，不仅覆盖更多维度（如组蛋白变体、基因结构差异、多倍体副本命运模型），还对动植物差异的底层机制进行了深入分析；逻辑架构更为系统，从结构特征到进化机制到应用挑战形成完整链条。A的事实正确性与B相当，但信息量和洞察深度明显更胜一筹。
37,D1,植物基因组工程,什么是T-DNA？它在农杆菌侵染植物的过程中起什么作用？,baseline_vs_persona_1,baseline,persona_1,5,5,5,5,5,99,5,5,5,4,5,96,3,Win,Tie,否,Tie,两个回答在事实正确性、完整性、逻辑清晰度和幻觉风险上均表现优秀，难以拉开明显差距。A在深度与洞察维度略胜一筹，特别指出了RB与LB功能的不对称性（RB缺失几乎完全阻断转移，LB缺失导致read-through）这一较为精细的机制细节，体现出更强的学术深度；而B虽补充了实验操作经验，但机制层面的洞察不及A，因此A在深度维度得分更高，综合得分略优于B。
37,D1,植物基因组工程,什么是T-DNA？它在农杆菌侵染植物的过程中起什么作用？,baseline_vs_persona_2,baseline,persona_2,5,5,5,5,5,100,5,5,5,4,5,96,4,Win,Tie,否,Tie,两个回答事实正确性均无可挑剔，但A在深度与洞察维度上明确指出了RB/LB功能不对称性（LB缺失导致read-through）这一工程实践中的关键细节，而B未涉及此点。在同等事实准确性的前提下，A的这一额外洞察使其在深度维度上略胜一筹，最终以微弱优势获胜。
37,D1,植物基因组工程,什么是T-DNA？它在农杆菌侵染植物的过程中起什么作用？,persona_1_vs_persona_2,persona_1,persona_2,5,4,5,4,5,90,5,5,5,5,5,96,-6,Loss,Loss,是,Loss,两个回答均事实准确、逻辑清晰，但B在完整性和深度上明显优于A：B额外涵盖了MMEJ整合机制、寄生策略的进化逻辑、Ti质粒结构示意图、以及CRISPR工具递送等实际应用场景，信息层次更丰富；而A在完整性上略有欠缺，实践经验虽有价值但理论深度相对有限，因此B综合质量更高。
38,D1,植物基因组工程,什么是植物组织培养？卡路斯（callus）诱导的意义是什么？,baseline_vs_persona_1,baseline,persona_1,1,1,1,1,3,12,4,2,3,2,5,34,-22,Loss,Loss,是,Loss,Answer A实际上是一个空白回答，仅有标题而无任何实质内容，完全未回答问题；Answer B虽然内容残缺，未充分回答关于卡路斯诱导意义的第二问，但至少提供了植物组织培养的准确定义，具有一定参考价值，因此B明显优于A。
38,D1,植物基因组工程,什么是植物组织培养？卡路斯（callus）诱导的意义是什么？,baseline_vs_persona_2,baseline,persona_2,1,1,1,1,3,12,4,2,3,2,5,34,-22,Loss,Loss,是,Loss,Answer A实质上为空白回答，仅有标题无内容，完全未回答问题；Answer B虽然内容被截断、缺失卡路斯诱导意义的部分，但至少提供了植物组织培养的准确定义，包含了核心概念（全能性、外植体、无菌条件），质量显著优于A。
38,D1,植物基因组工程,什么是植物组织培养？卡路斯（callus）诱导的意义是什么？,persona_1_vs_persona_2,persona_1,persona_2,5,3,5,2,5,68,5,3,5,2,5,68,0,Tie,Tie,是,Tie,两个回答在植物组织培养定义部分的事实正确性、逻辑清晰度均表现相当，B额外使用了'外植体'专业术语，但这一差异不足以形成质量上的显著区分。更关键的是，两者均完全忽略了问题第二部分——卡路斯诱导的意义，完整性同等欠缺，综合评分相同，判为平局。
39,D1,植物基因组工程,抗虫转基因作物Bt棉花的作用原理是什么？Bt毒素的靶标是哪个分子？,baseline_vs_persona_1,baseline,persona_1,0,0,0,0,5,5,5,5,5,5,4,97,-92,Loss,Loss,是,Loss,Answer A实质上是空回答，仅有标题无内容，无法回答任何问题；Answer B则提供了全面、准确、有深度的专业解析，覆盖了Bt毒素的作用机制、多种靶标受体、顺序结合模型及延伸的抗性话题，两者差距悬殊，B完胜。
39,D1,植物基因组工程,抗虫转基因作物Bt棉花的作用原理是什么？Bt毒素的靶标是哪个分子？,baseline_vs_persona_2,baseline,persona_2,0,0,0,0,5,5,0,0,0,0,5,5,0,Tie,Tie,是,Tie,两个回答均仅包含标题行，完全缺乏实质性内容，均未回答Bt棉花的作用原理及Bt毒素靶标分子等核心问题。两者在所有实质性维度均得0分，仅因无可核实的错误信息而在幻觉风险维度得满分，最终总分相同，判为平局。建议重新提交完整回答以供有效评判。
39,D1,植物基因组工程,抗虫转基因作物Bt棉花的作用原理是什么？Bt毒素的靶标是哪个分子？,persona_1_vs_persona_2,persona_1,persona_2,5,5,5,5,5,100,0,0,0,0,0,0,100,Win,Win,是,Win,Answer A提供了完整、准确、有深度的专业解答，涵盖Bt毒素激活机制、多受体靶标体系及安全性分子基础；Answer B仅有标题无任何实质内容，属于无效回答，两者差距显著，Answer A全面胜出。
40,D1,植物基因组工程,抗除草剂作物（如耐草甘膦大豆）的分子机制是什么？,baseline_vs_persona_1,baseline,persona_1,5,5,5,5,5,100,3,4,4,4,3,71,29,Win,Win,是,Win,Answer A在事实正确性上明显优于B，正确描述了草甘膦的uncompetitive抑制机制、CP4 EPSPS的真实突变位点编号（TIPS：T102I+P106S）及Roundup Ready大豆的具体品系信息；Answer B存在关键突变位点编号混淆（T97I+P101S与主流文献不符）及部分来源表述不准确等事实问题。同时A在深度与洞察维度（催化效率-耐受性trade-off、早期策略被淘汰原因等机制复杂性分析）也显著超越B，综合得分差距明显。
40,D1,植物基因组工程,抗除草剂作物（如耐草甘膦大豆）的分子机制是什么？,baseline_vs_persona_2,baseline,persona_2,4,5,5,5,4,87,3,4,4,4,3,72,15,Win,Win,是,Win,Answer A在事实正确性上明显优于B，对草甘膦的uncompetitive抑制机制、CP4 EPSPS特性、各降解酶来源及商业产品归属的描述更为准确；而Answer B存在CP4-EPSPS关键突变位点描述错误、抑制机制简化等明显事实问题。A的内容深度和逻辑严密性也整体优于B，综合判定A胜出。
40,D1,植物基因组工程,抗除草剂作物（如耐草甘膦大豆）的分子机制是什么？,persona_1_vs_persona_2,persona_1,persona_2,3,4,4,4,3,71,4,5,5,4,4,78,-7,Loss,Win,否,Tie,B在完整性上明显优于A，额外涵盖了液泡区隔化机制，且技术演进路线图更系统；B的逻辑结构更清晰，五大机制并列展开条理分明。A在CP4-EPSPS突变位点编号上存在较明显偏差（T97I/P101S），事实正确性略低于B，综合评分B胜出。
41,D1,植物基因组工程,什么是标记辅助选择（MAS）？它与基因编辑育种有何关系？,baseline_vs_persona_1,baseline,persona_1,5,4,5,5,5,92,5,5,5,5,5,96,-4,Loss,Loss,是,Loss,两个回答事实正确性均无明显问题，但B在完整性上更胜一筹，明确区分了前景选择与背景选择，补充了KASP等实用标记，并引入GS前沿趋势；A的核心洞察框架同样出色，但内容覆盖面略窄，因此B整体略优。
41,D1,植物基因组工程,什么是标记辅助选择（MAS）？它与基因编辑育种有何关系？,baseline_vs_persona_2,baseline,persona_2,5,4,5,4,5,87,5,5,5,5,5,92,-5,Loss,Loss,是,Loss,两个回答在事实正确性上均无明显问题，但B在完整性和深度上明显优于A：B系统性地介绍了标记类型、工作流程、局限性，并额外涵盖GS趋势、监管现实及AI辅助育种的前沿展望，信息密度更高；A的核心论点精炼到位，但在信息覆盖广度和实例丰富度上略逊，综合评分B胜出。
41,D1,植物基因组工程,什么是标记辅助选择（MAS）？它与基因编辑育种有何关系？,persona_1_vs_persona_2,persona_1,persona_2,5,5,5,5,5,100,5,5,5,5,5,100,0,Tie,Tie,是,Tie,两个回答在事实正确性、完整性、逻辑清晰度、深度与洞察及幻觉风险五个维度均达到满分水平，内容高度重叠且各有侧重——A更突出'MAS不会被编辑取代反而更重要'的反直觉洞察，B额外增加了MAS局限性分析和中国监管现实背景，整体质量难分高下，判为平局。
42,D1,植物基因组工程,什么是植物启动子？组成型启动子与诱导型启动子各有什么特点？,baseline_vs_persona_1,baseline,persona_1,5,5,5,5,5,100,5,5,5,4,4,90.5,9.5,Win,Tie,否,Tie,Answer A在事实正确性上无任何瑕疵，且对两类启动子分子机制本质差异的分析更为深入（如转录因子结合位点性质的对比）。Answer B存在GVG系统与雌二醇诱导混淆的事实错误（GVG系统实为地塞米松/糖皮质激素诱导），且深度与洞察方面偏重应用描述而对机制层面挖掘不足。综合来看，A在准确性和洞察深度上均优于B。
42,D1,植物基因组工程,什么是植物启动子？组成型启动子与诱导型启动子各有什么特点？,baseline_vs_persona_2,baseline,persona_2,4,4,5,4,4,82,4,5,5,5,4,86,-4,Loss,Win,否,Tie,B在完整性和深度方面明显优于A，诱导型启动子分类体系更系统，化学诱导系统机制更详尽，并涵盖前沿方向；A的表达更简洁且有独特洞察（启动子本质区别的顺式元件角度），但内容覆盖和深度整体略逊。B存在TATA-box比例（70%）可能偏高的小瑕疵，但不影响其综合优势，故判定A相对于B为Loss。
42,D1,植物基因组工程,什么是植物启动子？组成型启动子与诱导型启动子各有什么特点？,persona_1_vs_persona_2,persona_1,persona_2,5,4,5,4,5,88,5,5,5,5,5,96,-8,Loss,Loss,是,Loss,两个回答事实正确性均很高，但B在完整性和深度洞察上明显优于A：B对诱导型启动子的分类更系统（含激素诱导、组织特异等类别），对XVE系统有更详细的机制说明，前沿方向（AI设计启动子、CRISPRa激活）也更具体实用。A在组成型启动子应用场景的描述上相对简略，且对诱导型分类体系的覆盖度略逊。
43,D1,植物基因组工程,植物基因组测序的意义是什么？目前已完成测序的重要粮食作物有哪些？,baseline_vs_persona_1,baseline,persona_1,5,5,5,5,5,100,0,0,0,0,0,0,100,Win,Win,是,Win,Answer B 未提供任何实质性回答内容，仅有标题，属于无效回答。Answer A 则在事实准确性、完整性、逻辑结构和深度洞察各维度均表现优秀，胜出无争议。
43,D1,植物基因组工程,植物基因组测序的意义是什么？目前已完成测序的重要粮食作物有哪些？,baseline_vs_persona_2,baseline,persona_2,5,5,5,5,5,100,1,1,1,1,1,4,96,Win,Win,是,Win,Answer A提供了全面、准确、有深度的完整回答，涵盖测序意义的多个层面与代表性作物的详细信息；Answer B仅有标题，无任何实质内容，属于无效回答，两者差距极为悬殊。
43,D1,植物基因组工程,植物基因组测序的意义是什么？目前已完成测序的重要粮食作物有哪些？,persona_1_vs_persona_2,persona_1,persona_2,0,0,0,0,3,3,0,0,0,0,3,3,0,Tie,Tie,是,Tie,两个回答均只有标题行而无任何实质内容，均未回答问题的任何部分，质量完全相同，无法区分优劣，判定为平局。
44,D2,植物基因组工程,CRISPR-Cas9在植物中的递送方式有哪些？与动物相比，植物中的递送难点是什么？,baseline_vs_persona_1,baseline,persona_1,2,1,2,1,5,24,1,1,1,1,5,9,15,Win,Win,是,Win,Answer A虽然内容极为简短，但至少提供了一个正确的核心观点（细胞壁是植物CRISPR递送的核心挑战）；Answer B则完全没有提供任何实质性内容，仅有标题，属于无效回答。因此A明显优于B，但两者整体质量均较低，均未达到对该问题的合理解答标准。
44,D2,植物基因组工程,CRISPR-Cas9在植物中的递送方式有哪些？与动物相比，植物中的递送难点是什么？,baseline_vs_persona_2,baseline,persona_2,3,1,3,2,5,38,1,1,1,1,5,14,24,Win,Win,是,Win,Answer A虽然极度简略，仅点出细胞壁是植物CRISPR递送的核心挑战，但至少提供了一个方向正确的事实性判断；Answer B则完全停留在开场白层面，没有输出任何实质内容，在所有维度上均无法与A竞争，因此A明显胜出。
44,D2,植物基因组工程,CRISPR-Cas9在植物中的递送方式有哪些？与动物相比，植物中的递送难点是什么？,persona_1_vs_persona_2,persona_1,persona_2,0,0,0,0,3,0,0,0,0,0,3,0,0,Tie,Tie,是,Tie,两个回答均未提供任何实质性内容，Answer A仅有标题，Answer B仅有一句开场白，均无法回答问题。两者在所有评估维度上表现相同，判为平局，但建议人工复核以确认是否存在内容截断问题。
45,D2,植物基因组工程,多倍体植物（如小麦）进行基因组编辑时，如何解决同源基因组之间的干扰问题？,baseline_vs_persona_1,baseline,persona_1,3,2,2,2,4,54,3,2,2,2,4,54,0,Tie,建议人工复核,否,Tie,两个回答均缺乏实质性内容，Answer A仅有标题，Answer B仅有引言性开场白，均未提供任何关于多倍体植物基因组编辑同源干扰问题的具体解决方案。两者质量相当低且相近，无法判定优劣，建议人工复核实际完整回答内容。
45,D2,植物基因组工程,多倍体植物（如小麦）进行基因组编辑时，如何解决同源基因组之间的干扰问题？,baseline_vs_persona_2,baseline,persona_2,3,2,2,2,4,26,3,2,2,2,4,26,0,Tie,Tie,是,Tie,两个回答均仅包含标题，缺乏实质性正文内容，无法在任何维度上做出有意义的比较。B虽多一句导语，但不足以构成质量差异，判为平局，建议提供完整回答后重新评判。
45,D2,植物基因组工程,多倍体植物（如小麦）进行基因组编辑时，如何解决同源基因组之间的干扰问题？,persona_1_vs_persona_2,persona_1,persona_2,2,1,2,1,3,18,1,1,1,1,3,14,4,建议人工复核,Win,否,Tie,两个回答均严重不完整，正文内容几乎完全缺失，无法对核心问题进行实质性评估。Answer A略优，因其提供了正确的基础知识点（六倍体小麦AABBDD三亚基因组），而Answer B连这一点也未呈现，但两者均未达到可正常裁判的质量门槛，建议人工复核是否存在内容截断问题。
46,D2,植物基因组工程,植物基因组中的同源重组效率极低，目前有哪些策略可以提高植物中的HDR频率？,baseline_vs_persona_1,baseline,persona_1,5,5,5,5,5,100,4,4,5,4,4,82,18,Win,Win,是,Win,Answer A在事实正确性、完整性和深度上均明显优于Answer B：A专门讨论了GVR这一植物HDR领域最重要的特有策略，而B完全遗漏；A对每个策略的机制、效果和局限性的描述更为准确和细致，明确指出植物与动物系统的实质差异；B存在若干事实表述不精确之处和未经充分支撑的文献引用，幻觉风险略高。整体而言A是一篇更严谨、更全面的学术级综述。
46,D2,植物基因组工程,植物基因组中的同源重组效率极低，目前有哪些策略可以提高植物中的HDR频率？,baseline_vs_persona_2,baseline,persona_2,5,5,5,5,5,100,4,4,4,4,4,80,20,Win,Win,是,Win,Answer A在事实正确性、完整性、深度和幻觉风险控制上均全面优于Answer B。A对每个策略均提供了机制、量化效果和局限性的系统分析，并包含对领域共识与争议的批判性综述；B虽结构清晰且有实用建议，但在部分事实准确性（PARP抑制剂在植物HDR中的应用证据薄弱）和策略深度上存在明显差距，且幻觉风险略高。
46,D2,植物基因组工程,植物基因组中的同源重组效率极低，目前有哪些策略可以提高植物中的HDR频率？,persona_1_vs_persona_2,persona_1,persona_2,4,5,4,5,4,86,4,4,5,4,4,82,4,Win,Win,是,Win,两个回答在事实正确性上基本持平，但A在完整性和深度与洞察两个维度上明显优于B：A系统覆盖了HR蛋白过表达、PrimeRoot/PASTE前沿系统、组织选择策略等B未充分展开的内容，并提出了'重新定义精准编辑路径'的战略性洞察。B的优势在于逻辑清晰度更高、阅读更流畅，但在内容深度和覆盖广度上的差距使A整体得分更高。
47,D2,植物基因组工程,RNA病毒载体在植物CRISPR递送中的优势和局限是什么？,baseline_vs_persona_1,baseline,persona_1,5,4,5,4,5,82,5,5,5,5,5,92,-10,Loss,Tie,否,Tie,两个回答事实正确性均无明显瑕疵，但B在完整性和深度上明显优于A：B额外涵盖了RNA不稳定性、嵌合体后代筛选负担、微型核酸酶前沿方向及高通量筛选潜力等A未涉及的重要维度，且通过量化时间线和决策树提供了更强的实操指导价值。A的折中方案分析简洁有力，但整体覆盖面和洞察深度不及B。
47,D2,植物基因组工程,RNA病毒载体在植物CRISPR递送中的优势和局限是什么？,baseline_vs_persona_2,baseline,persona_2,5,5,5,5,5,100,4,4,5,4,4,84,16,Win,Win,是,Win,Answer A在事实正确性、完整性和深度上均优于Answer B：A提供了更精确的技术参数、更全面的局限分析（包括RNA沉默干扰和监管双刃剑这一反直觉视角），并给出了更具体可行的折中方案；B虽有实战风格和微型核酸酶方向的前沿洞察，但在术语规范性和分析深度上略有不足，整体质量低于A。
47,D2,植物基因组工程,RNA病毒载体在植物CRISPR递送中的优势和局限是什么？,persona_1_vs_persona_2,persona_1,persona_2,5,5,5,5,4,96,5,4,5,4,4,86,10,Win,Win,是,Win,A在完整性和深度与洞察两个维度明显优于B，提供了系统的病毒类型分类、量化评估矩阵、决策树及未来技术方向分析；B虽然简洁清晰，但覆盖面不足，缺少RNA不稳定性等重要局限，且出现'TadDBE'这一可疑术语，综合来看A质量更高。
48,D2,植物基因组工程,无DNA转基因（DNA-free editing）技术在植物中如何实现？相比传统方法有何监管优势？,baseline_vs_persona_1,baseline,persona_1,5,5,5,5,5,100,4,5,4,4,4,82,18,Win,Win,是,Win,Answer A在事实准确性上更为严谨，关键引用可核实，且主动区分了DNA-free与transgene-free两个核心概念；在深度上提出了追溯监管伦理难题和knock-in结构性限制等批判性洞察，体现了更高的学术水准。Answer B存在无来源的具体数字（消费者接受度百分比）和过度简化的时间线对比，幻觉风险较高，且缺乏概念辨析，综合质量明显低于A。
48,D2,植物基因组工程,无DNA转基因（DNA-free editing）技术在植物中如何实现？相比传统方法有何监管优势？,baseline_vs_persona_2,baseline,persona_2,5,5,5,5,5,100,4,5,4,4,4,84,16,Win,Win,是,Win,Answer A在事实正确性上表现更为严谨（明确区分DNA-free与Transgene-free、准确引用USDA SECURE规则年份），在深度与洞察方面显著更强（追溯性监管伦理、纳米材料炒作评价、knock-in结构性限制），且逻辑层次更清晰自洽。Answer B存在USDA年份小误差及Nature Plants 2023 SWCNT文献引用存疑问题，对BSMV章节中'内源Cas9（转基因背景）'与DNA-free定义的逻辑张力也未加说明，综合质量明显低于A。
48,D2,植物基因组工程,无DNA转基因（DNA-free editing）技术在植物中如何实现？相比传统方法有何监管优势？,persona_1_vs_persona_2,persona_1,persona_2,4,5,4,5,4,86,4,5,5,4,4,85,1,Tie,Win,否,Tie,两个回答在事实正确性和完整性上旗鼓相当，A在深度与洞察（碱基编辑器递送难题、微型核酸酶前瞻）上略胜一筹，B在逻辑清晰度上更为流畅易读；总分差距仅1.0分，未达到显著差异阈值，判为平局。
49,D2,植物基因组工程,植物叶绿体基因组编辑面临哪些特殊挑战？已有哪些成功案例？,baseline_vs_persona_1,baseline,persona_1,5,5,5,5,5,100,4,5,5,5,4,90,10,Win,Tie,否,Tie,Answer A在事实正确性上表现更为严谨，对CRISPR叶绿体编辑现状的保守评估与学界共识高度吻合，且未发现任何可疑事实；Answer B在DdCBE原始论文的应用范围描述上存在轻微混淆（将线粒体与叶绿体成果合并表述），ZFN文献信息也有一定核实风险。两者深度与完整性相当，但A的事实表述更为精准审慎，在40%权重的核心维度上占据优势。
49,D2,植物基因组工程,植物叶绿体基因组编辑面临哪些特殊挑战？已有哪些成功案例？,baseline_vs_persona_2,baseline,persona_2,5,5,5,5,5,100,4,4,4,4,3,76,24,Win,Win,是,Win,Answer A在事实正确性、完整性、逻辑深度各方面均显著优于Answer B：无可疑文献引用，对核心技术障碍（同质化、sgRNA输入、单子叶作物困难）的分析更为准确和深入，底线判断体现出学术审慎性。Answer B存在多处难以核实或可疑的具体文献信息（Jin 2019、Mok 2022归属混淆、2023年案例过于模糊），幻觉风险明显高于A，整体质量差距较大。
49,D2,植物基因组工程,植物叶绿体基因组编辑面临哪些特殊挑战？已有哪些成功案例？,persona_1_vs_persona_2,persona_1,persona_2,4,5,5,5,4,92,3,4,4,4,3,74,18,Win,Win,是,Win,Answer A在事实准确性上整体优于B（B存在将DdCBE/TALED发表期刊误写为Cell的明显错误），内容完整性显著更高（涵盖PPR蛋白、ZFN/TALEN等B未充分展开的路线），逻辑框架更清晰，洞察深度更强。B虽然结构可读，但关键文献引用错误降低了可信度，成功案例部分过于简略。综合各维度，A明显优于B。
50,D2,植物基因组工程,什么是作物驯化基因组学（domestication genomics）？编辑野生种的驯化位点有何意义？,baseline_vs_persona_1,baseline,persona_1,5,5,5,5,5,100,4,5,4,4,4,82,18,Win,Win,是,Win,Answer A在事实正确性上无懈可击，文献引用准确，数据可核实，同时提出了'驯化压缩假设争议'等深层次洞见；Answer B存在番茄从头驯化文献引用错误（Yu et al. 2017 Nature Plants）这一可核实的事实性错误，且逻辑连贯性因第一人称插入而略有干扰，整体深度也不及A。
50,D2,植物基因组工程,什么是作物驯化基因组学（domestication genomics）？编辑野生种的驯化位点有何意义？,baseline_vs_persona_2,baseline,persona_2,5,5,5,5,5,97,4,4,4,4,4,76,21,Win,Win,是,Win,Answer A在事实正确性、内容完整性和洞察深度上均明显优于Answer B：A对核心文献的引用准确，对驯化遗传架构的分析（调控区vs编码区、上位性、瓶颈问题）更为深入，并明确讨论了'从头驯化'的争议与局限；Answer B存在多处文献归属错误（Lemmon等期刊混淆、Sánchez-Corrales工作描述不实、SW5基因功能错误），且部分篇幅被AI工具推广性内容占据，降低了整体学术质量。
50,D2,植物基因组工程,什么是作物驯化基因组学（domestication genomics）？编辑野生种的驯化位点有何意义？,persona_1_vs_persona_2,persona_1,persona_2,4,5,5,4,4,86,4,5,5,4,3,82,4,Win,Win,是,Win,两篇回答整体质量相近，但B存在可核实的文献引用错误（Lemmon et al.期刊归属疑似有误），且sh4突变位点描述与A不一致，幻觉风险更高；A在事实可靠性和幻觉控制上略优，综合加权后A胜出。
51,D2,植物基因组工程,植物表观基因组编辑的研究现状如何？DNA甲基化编辑在作物改良中有哪些潜在价值？,baseline_vs_persona_1,baseline,persona_1,3,3,3,3,3,30,3,3,3,3,3,30,0,Tie,建议人工复核,否,Tie,两个回答均仅包含标题或极少量引言性文字，均未提供任何实质性科学内容来回答关于植物表观基因组编辑研究现状和DNA甲基化编辑在作物改良中潜在价值的问题。两者质量相当，均不足以作为有效回答，判为平局，建议人工复核是否存在内容截断问题。
51,D2,植物基因组工程,植物表观基因组编辑的研究现状如何？DNA甲基化编辑在作物改良中有哪些潜在价值？,baseline_vs_persona_2,baseline,persona_2,0,0,0,0,3,3,0,0,0,0,3,3,0,Tie,建议人工复核,否,Tie,两个回答均未提供任何实质性内容，Answer A仅有标题，Answer B仅有一句引言和分隔线，均无法回答问题，质量等同，判为平局。
51,D2,植物基因组工程,植物表观基因组编辑的研究现状如何？DNA甲基化编辑在作物改良中有哪些潜在价值？,persona_1_vs_persona_2,persona_1,persona_2,2,1,2,1,4,22,2,1,2,1,4,22,0,Tie,Tie,是,Tie,两个回答均仅包含引言性开场白，正文内容完全缺失，均未实质性回答关于植物表观基因组编辑研究现状和DNA甲基化在作物改良中潜在价值的问题。两者在所有维度上表现相当，无法区分优劣，建议人工复核是否存在内容截断问题。
52,D2,植物基因组工程,什么是转录激活子样效应因子核酸酶（TALEN）？它在植物基因编辑史上有何地位？,baseline_vs_persona_1,baseline,persona_1,5,5,5,5,5,100,4,5,5,5,4,93,7,Win,Tie,否,Tie,两个回答均高质量，覆盖面相当，逻辑清晰，但Answer A在事实精确性上略胜一筹——具体作物应用案例（玉米IPK1、大豆FAD2/FAD3、小麦MLO）均有据可查，且监管科学维度的分析是Answer B未涉及的独特贡献。Answer B在时间线标注上存在轻微混淆（Boch等文章年份与TALEN正式应用年份的区分），幻觉风险略高。在深度与洞察上两者相当，但Answer A的'beta版本'类比及对当前不可替代场景的系统分析稍显精炼和完整。
52,D2,植物基因组工程,什么是转录激活子样效应因子核酸酶（TALEN）？它在植物基因编辑史上有何地位？,baseline_vs_persona_2,baseline,persona_2,5,5,5,5,5,100,4,4,5,4,4,82,18,Win,Win,是,Win,Answer A在事实正确性、完整性和深度洞察三个核心维度均全面优于Answer B：引用了可核实的具体文献和作物案例，揭示了TALEN在AT富集区域、专利策略等场景的持续价值，并以'beta版本'类比精准概括其历史地位；而Answer B虽结构清晰，但缺乏具体案例支撑，spacer长度描述略有偏差，深度不足。
52,D2,植物基因组工程,什么是转录激活子样效应因子核酸酶（TALEN）？它在植物基因编辑史上有何地位？,persona_1_vs_persona_2,persona_1,persona_2,5,5,5,5,4,96,5,4,5,4,5,90,6,Win,Win,是,Win,两个回答在事实正确性和逻辑清晰度上表现相当，但A在完整性和深度与洞察两个维度明显更优：A提供了更丰富的技术细节（34aa重复单元、RVD单碱基识别独立性、TALE-BE探索等）、更完整的历史时间轴、以及更深刻的技术演化哲学提炼，整体分析层次更高，因此判定A胜出。
53,D2,植物基因组工程,植物基因编辑的高通量表型鉴定（phenotyping）技术有哪些？如何与基因组数据整合？,baseline_vs_persona_1,baseline,persona_1,2,1,2,1,3,18,2,1,2,1,3,18,0,Tie,Tie,是,Tie,两个回答均未提供任何实质性内容，Answer A仅有一句引导语，Answer B仅有标题和引言，均未回答关于高通量表型鉴定技术及基因组数据整合的核心问题。在内容实质上两者等价，无法区分优劣，判为平局，建议人工复核是否存在内容截断问题。
53,D2,植物基因组工程,植物基因编辑的高通量表型鉴定（phenotyping）技术有哪些？如何与基因组数据整合？,baseline_vs_persona_2,baseline,persona_2,0,0,1,0,5,4,0,0,1,0,5,4,0,Tie,建议人工复核,否,Tie,两个回答均只有一句无实质内容的开场白，均未回答问题，在所有核心维度上表现完全相同，无法区分优劣，判为平局。建议人工确认是否存在答案截断或提交不完整的情况。
53,D2,植物基因组工程,植物基因编辑的高通量表型鉴定（phenotyping）技术有哪些？如何与基因组数据整合？,persona_1_vs_persona_2,persona_1,persona_2,3,2,3,2,4,26,1,1,1,1,5,14,12,Win,建议人工复核,否,Tie,两个回答均未提供实质性内容，但A至少给出了结构框架和领域定位，而B几乎完全为空。在内容极度匮乏的前提下，A在完整性、逻辑清晰度和深度上均略优于B，故判A胜，但两者整体质量均不达标。
54,D3,植物基因组工程,利用基因编辑技术提高水稻产量的策略有哪些？IPA1基因编辑为何引发关注？,baseline_vs_persona_1,baseline,persona_1,3,3,3,3,3,60,1,1,1,1,3,20,40,建议人工复核,Tie,否,Tie,两个回答均存在严重内容缺失问题：Answer A仅有标题无正文，Answer B仅有开场白无实质内容。两者均未真正回答问题，但A至少保留了结构框架，B则完全为空。建议人工复核原始完整回答后重新评判。
54,D3,植物基因组工程,利用基因编辑技术提高水稻产量的策略有哪些？IPA1基因编辑为何引发关注？,baseline_vs_persona_2,baseline,persona_2,3,3,3,3,3,30,0,0,0,0,3,3,27,Win,Win,是,Win,Answer A虽仅有标题，但至少提供了结构框架；Answer B实质上为空回答，仅有一句开场白后内容完全缺失，无法对问题作出任何有效回应，因此A明显优于B。
54,D3,植物基因组工程,利用基因编辑技术提高水稻产量的策略有哪些？IPA1基因编辑为何引发关注？,persona_1_vs_persona_2,persona_1,persona_2,0,0,0,0,5,5,0,0,0,0,5,5,0,Tie,Tie,是,Tie,两个回答均仅包含一句无实质内容的开场白，完全未回答关于水稻基因编辑策略及IPA1基因的问题。两者在所有实质性维度上均得分为零，无法区分优劣，判为平局。
55,D3,植物基因组工程,基因编辑在提高作物氮素利用效率（NUE）方面有哪些研究进展？,baseline_vs_persona_1,baseline,persona_1,1,1,2,1,5,20,1,1,2,1,5,20,0,Tie,Tie,是,Tie,两个回答均仅包含引言性开场白，完全缺失实质性内容，均未回答关于基因编辑提高作物NUE的任何具体研究进展。两者在所有维度上表现相当，无法区分优劣，判为平局。建议提供完整回答后重新评判。
55,D3,植物基因组工程,基因编辑在提高作物氮素利用效率（NUE）方面有哪些研究进展？,baseline_vs_persona_2,baseline,persona_2,2,1,2,1,4,22,2,1,2,1,4,22,0,Tie,Tie,是,Tie,两个回答均严重不完整，A仅有一句引导语，B仅有一段导言，均未提供任何实质性的研究进展内容。在所有可评估维度上两者表现相当，无法判定优劣，建议以完整回答重新评判。
55,D3,植物基因组工程,基因编辑在提高作物氮素利用效率（NUE）方面有哪些研究进展？,persona_1_vs_persona_2,persona_1,persona_2,3,2,3,2,4,52,3,2,3,2,4,52,0,Tie,Tie,是,Tie,两个回答均严重不完整，仅提供了引言性内容而缺乏实质性的研究进展论述，无法对核心问题作出有效回答。在可评估的有限内容范围内，两者在各维度表现基本相当，无法判定优劣，建议以完整版本重新评判。
56,D3,植物基因组工程,如何通过基因组编辑改造植物的光合作用途径以提高产量？SBPase和Rubisco改造的难点是什么？,baseline_vs_persona_1,baseline,persona_1,3,3,3,3,4,60,3,3,3,3,4,60,0,Tie,建议人工复核,否,Tie,两个回答均仅提供了标题（及B的简短引言），正文内容完全缺失，无法对任何实质性维度进行有效区分评估。在信息量对等且均不完整的情况下，依据规则判为平局，建议提供完整回答后重新评判。
56,D3,植物基因组工程,如何通过基因组编辑改造植物的光合作用途径以提高产量？SBPase和Rubisco改造的难点是什么？,baseline_vs_persona_2,baseline,persona_2,3,3,3,3,3,60,2,1,1,1,3,32,28,Win,Tie,否,Tie,两个回答均未提供完整正文，但Answer A至少有一个结构完整的标题，而Answer B仅有引言性语句和空白分隔线，实质内容更少。相比之下A在完整性、逻辑清晰度和深度上均优于B，故判A胜出，但需注意两者均未真正回答问题，建议人工复核是否存在内容截断。
56,D3,植物基因组工程,如何通过基因组编辑改造植物的光合作用途径以提高产量？SBPase和Rubisco改造的难点是什么？,persona_1_vs_persona_2,persona_1,persona_2,3,2,3,2,4,48,3,2,3,2,4,48,0,Tie,Tie,是,Tie,两个回答均仅包含标题和引言部分，正文内容完全缺失，无法对SBPase和Rubisco改造的难点等核心问题作出任何实质性回答。在可评估的有限内容上，两者质量相当，无法区分优劣，建议提供完整回答后重新评判。
57,D3,植物基因组工程,编辑植物中的感病基因（susceptibility gene）赋予广谱抗病性的机制是什么？mlo基因是典型案例吗？,baseline_vs_persona_1,baseline,persona_1,1,0,1,0,5,14,1,0,1,0,5,14,0,Tie,Tie,是,Tie,两个回答均为严重不完整的截断内容，均未实质回答关于感病基因机制和mlo基因的问题。A仅有一句开场白，B仅有标题和引导语，两者实质内容量相当，均无法完成对该L3难度问题的有效解答，判为平局，建议人工复核是否为回答截断导致的评估失效。
57,D3,植物基因组工程,编辑植物中的感病基因（susceptibility gene）赋予广谱抗病性的机制是什么？mlo基因是典型案例吗？,baseline_vs_persona_2,baseline,persona_2,0,0,1,0,5,6,2,0,1,0,4,14,-8,Loss,Tie,否,Tie,两个回答均未实质性回答问题，质量都极低。但Answer B至少确认了mlo是经典案例这一事实判断，具有少量正确的事实内容；Answer A则完全是一句无内容的开场白，得分更低。综合来看B略优于A，判定A为Loss。
57,D3,植物基因组工程,编辑植物中的感病基因（susceptibility gene）赋予广谱抗病性的机制是什么？mlo基因是典型案例吗？,persona_1_vs_persona_2,persona_1,persona_2,3,2,3,2,4,48,3,1,2,1,4,36,12,Win,Tie,否,Tie,两个回答均未完整回答问题，但A至少展示了系统性回答的框架意图，在逻辑清晰度和深度潜力上略优于B。B仅给出一句断言，对核心机制问题完全回避，完整性和深度均为最低分，综合得分明显低于A。
58,D3,植物基因组工程,基因编辑技术如何用于降低作物中的抗营养因子（如植酸、丙烯酰胺前体）？,baseline_vs_persona_1,baseline,persona_1,3,2,3,2,4,48,3,2,3,3,4,50,-2,建议人工复核,建议人工复核,是,建议人工复核,两个回答均严重不完整，仅提供了引言性文字而缺乏实质内容，无法对问题进行有效评判。B在引言中略微展示了更清晰的框架意识和代谢网络洞察，但差距极小。建议人工复核以确认是否存在内容截断问题。
58,D3,植物基因组工程,基因编辑技术如何用于降低作物中的抗营养因子（如植酸、丙烯酰胺前体）？,baseline_vs_persona_2,baseline,persona_2,2,1,2,1,3,36,2,1,2,1,3,36,0,Tie,Tie,是,Tie,两个回答均只包含开场白和引言，完全缺乏实质性内容，无法对任何维度进行有效区分评估。两者在所有维度上表现相当，判为平局，建议提供完整回答后重新评判。
58,D3,植物基因组工程,基因编辑技术如何用于降低作物中的抗营养因子（如植酸、丙烯酰胺前体）？,persona_1_vs_persona_2,persona_1,persona_2,3,2,3,3,4,58,3,2,3,3,4,58,0,Tie,Tie,是,Tie,两个回答均仅呈现了标题和引言框架，正文实质内容严重缺失，无法对核心问题（植酸、丙烯酰胺前体的基因编辑策略）进行有效评估。在可评估的维度上两者表现相当，无法判定优劣，建议以完整版本重新评判。
59,D3,植物基因组工程,高油酸大豆和不变色蘑菇的基因编辑案例说明了什么监管问题？各国政策差异如何？,baseline_vs_persona_1,baseline,persona_1,3,2,3,3,4,58,3,2,3,3,4,58,0,Tie,Tie,是,Tie,两个回答均只提供了引言性开场白，均未实质回答关于监管问题和各国政策差异的核心内容，在所有可评估维度上表现相当，无法判定优劣，建议以完整回答重新提交评判。
59,D3,植物基因组工程,高油酸大豆和不变色蘑菇的基因编辑案例说明了什么监管问题？各国政策差异如何？,baseline_vs_persona_2,baseline,persona_2,3,2,3,2,4,28,3,2,3,2,4,28,0,Tie,Tie,是,Tie,两个回答均严重不完整，仅包含引言句而无任何实质内容，均未回答关于监管问题和各国政策差异的核心问题。在可评估的有限内容上，两者质量相当，无法区分优劣，判为平局。建议提供完整回答后重新评判。
59,D3,植物基因组工程,高油酸大豆和不变色蘑菇的基因编辑案例说明了什么监管问题？各国政策差异如何？,persona_1_vs_persona_2,persona_1,persona_2,3,3,3,3,3,60,3,3,3,3,3,60,0,Tie,Tie,是,Tie,两个回答均只提供了标题和一句开场白，实质内容完全缺失，无法对监管问题或各国政策差异进行任何有效评估。在所有可评估维度上两者表现相当，无法分出高下，判为平局。建议提供完整回答后重新评判。
60,D3,植物基因组工程,什么是精准育种（precision breeding）？欧盟2023年的新基因技术（NGT）法规框架核心是什么？,baseline_vs_persona_1,baseline,persona_1,0,0,0,0,3,3,0,0,0,0,3,3,0,Tie,Tie,是,Tie,两个回答均仅包含相同的标题文字，无任何实质性内容，均未回答关于精准育种定义及欧盟NGT法规框架的问题。两者质量完全相当，无法区分优劣，判为平局。
60,D3,植物基因组工程,什么是精准育种（precision breeding）？欧盟2023年的新基因技术（NGT）法规框架核心是什么？,baseline_vs_persona_2,baseline,persona_2,0,0,0,0,3,3,0,0,0,0,3,3,0,Tie,Tie,是,Tie,两个回答均仅包含相同的标题文字，无任何实质性内容，均未回答关于精准育种定义及欧盟NGT法规框架的问题。两者质量完全相当，无法区分优劣，判为平局。
60,D3,植物基因组工程,什么是精准育种（precision breeding）？欧盟2023年的新基因技术（NGT）法规框架核心是什么？,persona_1_vs_persona_2,persona_1,persona_2,0,0,0,0,3,3,0,0,0,0,3,3,0,Tie,Tie,是,Tie,两个回答均只有标题而无任何实质内容，Answer A和Answer B在所有评估维度上表现完全相同，均无法提供有价值的信息，因此判为平局。建议对问题重新获取有实质内容的回答。
61,D3,植物基因组工程,如何利用基因编辑技术加速作物去驯化（de-domestication）或对野生植物进行快速驯化？,baseline_vs_persona_1,baseline,persona_1,5,5,5,5,5,100,4,4,4,4,4,80,20,Win,Win,是,Win,Answer A在事实准确性、逻辑完整性和深度洞察上全面优于Answer B。A对技术瓶颈的诚实分析（数量性状问题、基因组背景效应、监管空白）展现了更高的学术严谨度，而B存在文献归属混淆、回答被截断、以及若干缺乏依据的断言。A的结论更为平衡和可信，B虽有实操框架价值但整体质量明显低于A。
61,D3,植物基因组工程,如何利用基因编辑技术加速作物去驯化（de-domestication）或对野生植物进行快速驯化？,baseline_vs_persona_2,baseline,persona_2,5,5,5,5,5,100,4,4,5,4,4,84,16,Win,Win,是,Win,Answer A在事实正确性、完整性和深度洞察三个核心维度均优于B：A对技术瓶颈（产量数量遗传学、基因组背景效应）的分析更为深刻，AI介入点的判断更具体有据，监管生态风险的讨论更具系统性。Answer B存在可核实的文献年份错误（Lemmon et al.标为2022实为2018），且整体分析深度与A存在明显差距，总分差距显著。
61,D3,植物基因组工程,如何利用基因编辑技术加速作物去驯化（de-domestication）或对野生植物进行快速驯化？,persona_1_vs_persona_2,persona_1,persona_2,4,4,4,4,4,76,4,5,5,5,4,86,-10,Loss,Loss,是,Loss,Answer B在完整性上明显优于A（A因内容截断导致去驯化部分缺失），逻辑结构更为严谨递进，且在深度洞察维度提供了更具说服力的案例分析（OsBadh2梯度调控、再生体系为首要瓶颈的量化判断）。A的框架设计有独到之处，但截断问题是硬伤，B全面覆盖了问题的两个核心方向并提供了可操作的实战建议。
62,D4,植物基因组工程,C4光合途径导入C3作物（如水稻）的基因工程策略面临哪些发育生物学障碍？,baseline_vs_persona_1,baseline,persona_1,5,4,5,5,5,96,4,5,4,4,4,83,13,Win,Win,是,Win,Answer A在事实精准性、逻辑严密性和深度洞察三个核心维度上均优于B：其对核心矛盾的定位（发育程序而非基因数量）更为精准，每个障碍均有明确的机制-实验证据链，且能清晰呈现领域内的真实争议与开放问题。Answer B覆盖维度更广但存在藜麦单细胞C4归类的事实性疑点以及无法核实的研究者引用，且大量格式化呈现稀释了论证深度，综合质量明显低于A。
62,D4,植物基因组工程,C4光合途径导入C3作物（如水稻）的基因工程策略面临哪些发育生物学障碍？,baseline_vs_persona_2,baseline,persona_2,5,5,5,5,5,100,5,4,5,4,5,91,9,Win,Win,是,Win,两个回答在事实正确性和逻辑清晰度上均表现优秀，但A在深度与洞察维度明显胜出：A准确点出学界两大真实争议（单细胞C4效率上限与水稻潜在C4发育程序的历史遗留问题），并对化学计量约束和顺式调控元件失效的机制解析更为精准深入；B的策略表格和代谢问题链虽增强了可读性，但在理论可行性边界的讨论和开放性科学问题的提炼上明显不及A，导致在权重最高的深度与洞察维度上拉开差距。
62,D4,植物基因组工程,C4光合途径导入C3作物（如水稻）的基因工程策略面临哪些发育生物学障碍？,persona_1_vs_persona_2,persona_1,persona_2,4,5,4,5,4,88,4,4,5,4,5,83,5,Win,Tie,否,Tie,A在深度与洞察维度显著领先，提出了进化顺序约束（解剖先于生化）这一关键洞察，并对cis-element染色质环境、TAD结构不匹配等分子机制进行了更深入的讨论，层级化障碍框架也体现了更强的系统思维；B在逻辑清晰度和幻觉风险方面略优，但在核心深度上不及A，整体上A更符合L4难度问题的专业答题水准。
63,D4,植物基因组工程,植物基因组中大片段重复区和多倍体区段的精准编辑在技术层面有哪些未解难题？,baseline_vs_persona_1,baseline,persona_1,5,4,5,4,5,84,5,5,5,5,5,92,-8,Loss,Loss,是,Loss,两个回答在事实正确性和逻辑清晰度上均表现优秀，但B回答在完整性和深度与洞察两个权重最高的维度上均优于A。B额外覆盖了碱基编辑窗口效率trade-off的量化分析、Prime Editing在重复区的逆转录模板竞争机制、微型核酸酶等新型工具的潜力评估，以及将'识别-区分-验证全链条失效'作为本质性系统概括，展现出更高层次的领域整合能力和实操洞察，综合质量明显高于A。
63,D4,植物基因组工程,植物基因组中大片段重复区和多倍体区段的精准编辑在技术层面有哪些未解难题？,baseline_vs_persona_2,baseline,persona_2,5,5,5,5,5,100,4,4,5,4,4,84,16,Win,Loss,否,Tie,Answer A在事实准确性上无明显瑕疵，而Answer B存在将拟南芥错误描述为'单倍体植物'的客观事实错误。在深度与洞察维度（权重最高35%），A提出的'成功编辑可能为亚基因组间基因转换假阳性'以及'障碍在于特异性和可验证性而非效率'等核心判断具有更强的批判性和原创性，对rDNA均一化压力的分析也更为深刻。A的完整性亦优于B，尤其在着丝粒/rDNA区域和验证体系的系统性分析上更为全面。
63,D4,植物基因组工程,植物基因组中大片段重复区和多倍体区段的精准编辑在技术层面有哪些未解难题？,persona_1_vs_persona_2,persona_1,persona_2,5,5,5,5,5,100,4,4,5,4,4,84,16,Win,Win,是,Win,Answer A在深度与洞察维度表现显著优于B，对'识别-区分-验证全链条失效'的系统性提炼、对每类难题的当前解法与未解部分的精准区分，以及优先级分层（P0/P1/P2）的实操指导性均更强；同时完整性更高，涵盖了表观遗传障碍和结构变异风险等B未充分展开的维度；Answer B虽逻辑清晰，但存在部分数据过于绝对、洞察深度不足的问题，幻觉风险略高。
64,D4,植物基因组工程,如何将基因编辑与定量遗传学、全基因组关联分析（GWAS）结果结合，系统改造复杂数量性状？,baseline_vs_persona_1,baseline,persona_1,5,5,5,5,5,100,4,4,4,3,4,76,24,Win,Win,是,Win,Answer A在深度与洞察维度（权重最高35%）远超Answer B，明确揭示了GWAS统计信号与因果靶点的根本张力、四种编辑路线的适用边界以及遗传网络缓冲机制的未解核心争议，展现出显著更高的学术洞察力。同时A在完整性上覆盖了B缺失的精细定位方法论、调控元件验证等关键环节，逻辑层次更为严谨。B的部分工具命名存疑（TadDBE）且对核心难点分析停留于表面列举。
64,D4,植物基因组工程,如何将基因编辑与定量遗传学、全基因组关联分析（GWAS）结果结合，系统改造复杂数量性状？,baseline_vs_persona_2,baseline,persona_2,5,5,5,5,5,100,4,3,4,3,5,72,28,Win,Win,是,Win,Answer A在深度与洞察维度上全面优于B，系统性地揭示了GWAS信号的统计性质与编辑因果逻辑之间的根本张力，提出了四种明确区分适用边界的技术路线，并诚实讨论了学界尚无共识的核心争议，体现了L4级别问题所需的高阶学科认知；Answer B框架清晰但各关键问题均停留在提及层面，缺乏A所具备的精细定位方法论、调控网络策略和遗传背景效应等方面的深入分析，综合质量存在显著差距。
64,D4,植物基因组工程,如何将基因编辑与定量遗传学、全基因组关联分析（GWAS）结果结合，系统改造复杂数量性状？,persona_1_vs_persona_2,persona_1,persona_2,5,5,5,4,5,86,5,4,5,5,5,88,-2,Loss,Win,否,Tie,两个回答在事实正确性和逻辑清晰度上旗鼓相当，A的完整性略优，但B在深度与洞察维度表现更突出：B明确引入fine-mapping工具（SuSiE/FINEMAP）、量化优先级评分框架、将上位性单独作为核心难点深入拆解，并具体阐释了TadDBE窄窗口在GWAS候选SNP场景下的独特价值，专业纵深更强。综合加权后B小幅胜出。
65,D4,植物基因组工程,作物泛基因组（pan-genome）的构建与应用如何改变植物基因组工程的设计策略？,baseline_vs_persona_1,baseline,persona_1,5,4,5,4,5,84,4,5,4,5,4,85,-1,Tie,Tie,是,Tie,两个回答在事实正确性和核心概念覆盖上均达到高水准，差异主要体现在深度维度上：B在AI整合、图基因组标准化、微型核酸酶等前沿方向的前瞻性探讨更为丰富，但A在逻辑严密性和批判性视角上表现更为均衡克制；综合加权后两者总分相差极小（约1分），无法确定显著优劣，判为平局。
65,D4,植物基因组工程,作物泛基因组（pan-genome）的构建与应用如何改变植物基因组工程的设计策略？,baseline_vs_persona_2,baseline,persona_2,5,4,5,5,5,97,4,5,4,4,4,85,12,Win,Tie,否,Tie,Answer A在逻辑清晰度、深度与洞察和幻觉风险三个核心维度上均优于B：论点有机制解释和可靠案例支撑，批判性视角（工具链滞后、序列多样性≠功能多样性、监管差异化）体现了更成熟的学术判断；Answer B虽覆盖面略广，但形式化元素较多导致论述碎片化，且存在个别难以核实的具体基因功能声明。加权后A显著领先。
65,D4,植物基因组工程,作物泛基因组（pan-genome）的构建与应用如何改变植物基因组工程的设计策略？,persona_1_vs_persona_2,persona_1,persona_2,4,4,5,4,4,82,4,5,5,5,4,88,-6,Loss,Win,否,Tie,两个回答在事实正确性和逻辑清晰度上旗鼓相当，但B在完整性和深度与洞察两个高权重维度上均优于A：B额外覆盖了调控元件泛基因组图谱、跨物种比较泛基因组和Pan-GWAS方法论等关键维度，且提出了'可变基因组是主战场'和'遗传空间分布'等更具前瞻性的分析框架。A的技术瓶颈分析诚实有价值，但整体深度和覆盖面略逊于B。
66,D4,植物基因组工程,氮肥固定基因工程（如向非豆科作物导入固氮能力）在代谢和进化层面面临哪些根本性障碍？,baseline_vs_persona_1,baseline,persona_1,5,5,5,5,4,96,4,5,5,4,4,86,10,Win,Win,是,Win,Answer A在深度与洞察维度显著胜出，其关于共生是'代谢外包'而非植物自主固氮的框架性重构、HGT从未穿越原核-真核界限的进化信号解读、以及氮反馈在农业施肥场景中的调控悖论等观点，均展示了超越表层的系统性思考。A的逻辑链条更为严密，结论性判断更具据可依；B虽覆盖面相当，但在进化层面的论证深度不足，且存在Ben Phalan归属可疑等幻觉风险，整体质量略逊。
66,D4,植物基因组工程,氮肥固定基因工程（如向非豆科作物导入固氮能力）在代谢和进化层面面临哪些根本性障碍？,baseline_vs_persona_2,baseline,persona_2,5,5,5,5,4,96,4,5,5,4,3,84,12,Win,Win,是,Win,Answer A在事实精确性和幻觉风险控制上优于B，所有引用基本可查证；在深度与洞察维度A的表现显著更强，提出了多个具有独立论证价值的洞察（HGT进化信号、氮反馈与施肥场景的矛盾、豆血红蛋白进化时间尺度的工程含义）；B在铵毒性一节有所补充，但存在多处难以核实的具体文献引用（Meng等/Wen等2023）和VAUCHERIA描述疑误，幻觉风险明显高于A，拖累整体评分。
66,D4,植物基因组工程,氮肥固定基因工程（如向非豆科作物导入固氮能力）在代谢和进化层面面临哪些根本性障碍？,persona_1_vs_persona_2,persona_1,persona_2,4,5,5,4,4,84,4,5,5,5,4,87,-3,Loss,Loss,是,Loss,两个回答在完整性和逻辑清晰度上表现相当，但B在深度与洞察维度明显优于A，具体体现在：B专门拆解了遗传分子层面（密码子兼容性、Fe-S组装机器、伴侣蛋白缺失），比A的辅因子合成分析更精细；B对禾本科丢失共生能力的进化解释更具学术严谨性。A存在豆科-根瘤菌共生年代（'2亿年'而非约6000万年）的明显事实偏差，拉低了事实正确性评分，最终B综合胜出。
67,D1,AI大模型,什么是大语言模型（LLM）？它与传统自然语言处理（NLP）模型有什么本质区别？,baseline_vs_persona_1,baseline,persona_1,5,5,5,5,5,100,4,4,4,4,5,82,18,Win,Win,是,Win,Answer A在事实正确性、完整性、深度与洞察三个核心维度均明显优于Answer B：准确引用了关键文献，覆盖了规模定律、涌现能力争议等重要内容，并对本质差异进行了批判性分析；而Answer B虽有实用性，但深度有限，且存在将BERT归入'传统NLP（非Transformer）'的类别混淆问题。综合来看A全面胜出。
67,D1,AI大模型,什么是大语言模型（LLM）？它与传统自然语言处理（NLP）模型有什么本质区别？,baseline_vs_persona_2,baseline,persona_2,5,5,5,5,5,100,5,4,4,4,5,86,14,Win,Win,是,Win,Answer A在完整性和深度上明显优于B，不仅覆盖了规模定律、涌现争议等关键议题，还主动呈现学界未定论，体现了更高的学术严谨性。Answer B事实准确但内容覆盖较浅，部分论点停留在描述层面，综合质量差距显著。
67,D1,AI大模型,什么是大语言模型（LLM）？它与传统自然语言处理（NLP）模型有什么本质区别？,persona_1_vs_persona_2,persona_1,persona_2,5,5,5,5,5,100,5,4,5,4,5,93,7,Win,Win,是,Win,两个回答事实正确性相当，但A在完整性和深度方面更优：A提供了更精确的数学表达、更系统的六维对比表格以及更丰富的工程实践细节，而B在部分维度略显简略，深度展开不足。
68,D1,AI大模型,什么是Transformer架构？自注意力机制（self-attention）的直觉理解是什么？,baseline_vs_persona_1,baseline,persona_1,5,5,5,5,5,100,5,4,5,4,5,90,10,Win,Win,是,Win,Answer A在完整性和深度与洞察两个维度明显优于Answer B：A额外涵盖了O(n²)复杂度瓶颈及其解决方案、位置编码的必要性与现代变体（RoPE）、自注意力的置换不变性、多头注意力涌现性专门化等进阶洞见；B虽然生物学类比富有创意且面向特定受众清晰度很高，但在技术深度和内容覆盖上存在缺口。两者事实正确性和幻觉风险均无明显差异，综合加权得分A显著高于B。
68,D1,AI大模型,什么是Transformer架构？自注意力机制（self-attention）的直觉理解是什么？,baseline_vs_persona_2,baseline,persona_2,5,5,5,5,5,100,5,4,5,3,5,86,14,Win,Win,是,Win,Answer A在完整性和深度与洞察两个维度上明显优于Answer B：A覆盖了Multi-Head机制、位置编码演进（含RoPE）、Transformer Block全结构、O(n²)复杂度瓶颈及衍生研究方向，并对研究前沿保持审慎表述；B结构清晰、直觉类比生动，但在机制深度和覆盖广度上均有明显不足，对关键细节（多头涌现、缩放原因、现代位置编码）几乎未展开。两者事实正确性均无问题，但A的综合质量显著更高。
68,D1,AI大模型,什么是Transformer架构？自注意力机制（self-attention）的直觉理解是什么？,persona_1_vs_persona_2,persona_1,persona_2,5,5,5,5,5,100,5,4,5,4,5,92,8,Win,Win,是,Win,两个回答事实准确性均无问题，但Answer A在完整性和深度上明显优于B：A包含了Multi-Head Attention原理、残差连接/LayerNorm等架构细节、具体的权重分布示例，并通过生物学类比（染色质三维结构）提供了更独特的直觉理解；B虽简洁清晰，但对架构细节的覆盖不足，属于达标但不够全面的回答。
69,D1,AI大模型,什么是词嵌入（word embedding）？Word2Vec与现代LLM中的嵌入有何不同？,baseline_vs_persona_1,baseline,persona_1,5,5,5,5,5,100,5,4,5,4,5,89,11,Win,Win,是,Win,Answer A在完整性和深度上显著优于Answer B：A特别澄清了'词嵌入层'与'上下文嵌入'的关键概念混淆，分析了不同训练目标（MLM/自回归/对比学习）对嵌入特性的影响，并引用了probing实验等前沿研究，理论体系更为严谨完整。B在应用实践方面有特色，但理论覆盖存在明显缺口，总体质量不及A。
69,D1,AI大模型,什么是词嵌入（word embedding）？Word2Vec与现代LLM中的嵌入有何不同？,baseline_vs_persona_2,baseline,persona_2,5,5,5,5,5,100,4,4,4,4,4,80,20,Win,Win,是,Win,Answer A在事实正确性和深度上全面优于B：准确引用了分布假设的理论来源，给出了Skip-gram的数学目标函数，并精准区分了LLM中词嵌入层与上下文嵌入这一关键概念混淆点。Answer B虽然加入了工程实践视角，但存在嵌入维度与隐层维度概念混用的问题，且理论基础阐述明显薄弱，核心概念的区分不够到位。
69,D1,AI大模型,什么是词嵌入（word embedding）？Word2Vec与现代LLM中的嵌入有何不同？,persona_1_vs_persona_2,persona_1,persona_2,5,4,5,4,5,86,5,5,5,5,5,96,-10,Loss,Loss,是,Loss,两份回答事实准确性均无误，但B在完整性上显著胜出——它梳理了从Word2Vec到ELMo到BERT再到现代LLM的完整演进路径，而A跳过了中间阶段；B的生物学类比和实践优先级洞察也体现出更高的深度与洞察水平，综合评分差距明显。
70,D1,AI大模型,什么是预训练（pre-training）和微调（fine-tuning）？二者分别解决什么问题？,baseline_vs_persona_1,baseline,persona_1,5,4,5,5,5,96,4,5,4,4,4,85,11,Win,Win,是,Win,Answer A在事实正确性和深度洞察上更胜一筹，尤其是对'微调几乎不能注入新知识'这一核心认知的准确阐述，并指出了学界争议，体现出更高的学术严谨性。Answer B内容丰富但存在关键事实偏差（将微调定义为'知识注入'），以及部分数据的可核实性问题，导致事实正确性扣分。综合权重计算，A明显优于B。
70,D1,AI大模型,什么是预训练（pre-training）和微调（fine-tuning）？二者分别解决什么问题？,baseline_vs_persona_2,baseline,persona_2,5,4,5,5,5,96,5,5,5,4,5,94,2,Win,Win,是,Win,两个回答均具有较高质量，事实正确性和逻辑清晰度相当。Answer A在深度与洞察维度表现更优，提出了'微调几乎不能注入新知识'这一关键工程洞察并点出学界争议，对核心机制的理论分析更为精准；Answer B则在完整性上略胜一筹，补充了更多量化数据与工程实践细节，但在概念本质的深度阐释上略逊于A。综合加权后A以微弱优势胜出。
70,D1,AI大模型,什么是预训练（pre-training）和微调（fine-tuning）？二者分别解决什么问题？,persona_1_vs_persona_2,persona_1,persona_2,5,5,5,5,4,96,5,5,5,5,4,96,0,Tie,Win,否,Tie,两个回答在事实正确性、完整性、逻辑清晰度和深度与洞察方面均表现优秀，各有侧重：A在技术细节（LoRA数学推导、参数配置）上更具体，B在问题导向叙述（'无知'/'不听话'框架）和概念类比上更简洁易懂，整体质量相当，无法分出胜负。
71,D1,AI大模型,GPT系列和BERT系列模型的主要区别是什么？各自擅长哪类任务？,baseline_vs_persona_1,baseline,persona_1,5,5,5,5,5,100,5,4,5,4,5,91,9,Win,Win,是,Win,两个回答事实正确性均无问题，但Answer A在完整性和深度上明显优于Answer B：A系统性地分析了常见混淆问题（BERT能否生成、GPT能否分类、规模效应），并对核心机制（causal mask本质、训练推理对齐）有深入洞察；B虽然提供了实用的pipeline视角，但机制分析较为浅层，覆盖面相对有限。
71,D1,AI大模型,GPT系列和BERT系列模型的主要区别是什么？各自擅长哪类任务？,baseline_vs_persona_2,baseline,persona_2,5,5,5,5,5,100,5,4,5,4,5,92,8,Win,Win,是,Win,两个回答事实正确性相当，但A在完整性和深度上明显更优，额外覆盖了规模效应、架构归纳偏置稀释、BERT生成扩展路径等进阶洞察，并通过机制推导解释了任务适配的本质原因，而非仅做任务列举。B简洁实用但深度不足，差距主要体现在完整性与深度与洞察两个维度。
71,D1,AI大模型,GPT系列和BERT系列模型的主要区别是什么？各自擅长哪类任务？,persona_1_vs_persona_2,persona_1,persona_2,5,5,5,4,5,96,5,5,5,4,5,96,0,Tie,Win,否,Tie,两个回答在事实正确性、完整性、逻辑清晰度和深度洞察上表现几乎相同，核心内容高度重叠。A使用表格结构化对比更直观，B文字叙述补充了更多变体和任务示例，各有侧重但整体质量相当，无法判定明显优劣，判为平局。
72,D1,AI大模型,什么是提示词工程（prompt engineering）？零样本和少样本提示有何不同？,baseline_vs_persona_1,baseline,persona_1,5,5,5,5,5,100,5,3,5,3,5,86,14,Win,Win,是,Win,Answer A在完整性和深度上显著优于Answer B，不仅准确覆盖了问题的核心要点，还提供了机制层面的学术解释和高阶策略概览。Answer B事实正确、表达清晰，但覆盖面和分析深度明显不足，综合评分差距较大，判定A胜出。
72,D1,AI大模型,什么是提示词工程（prompt engineering）？零样本和少样本提示有何不同？,baseline_vs_persona_2,baseline,persona_2,5,5,5,5,5,100,5,3,5,3,5,86,14,Win,Win,是,Win,Answer A在完整性和深度上明显优于Answer B：不仅准确回答了核心问题，还提供了ICL机制的多种学术解释、高阶提示策略及实践警示，体现了更高的学术严谨性与知识深度。Answer B虽然简洁实用、结合实战场景，但在问题要求的概念解释和机制分析层面覆盖不足，差距主要体现在完整性和深度维度。
72,D1,AI大模型,什么是提示词工程（prompt engineering）？零样本和少样本提示有何不同？,persona_1_vs_persona_2,persona_1,persona_2,5,4,5,4,5,92,5,5,5,5,5,96,-4,Loss,Loss,是,Loss,两个回答在事实正确性和逻辑清晰度上表现相当，但B在完整性和深度上更胜一筹：B额外阐述了示例质量优于数量、示例多样性覆盖边界情况等进阶洞察，使回答更具实用价值和深度，而A在这些方面略有欠缺。
73,D1,AI大模型,LLM中的「幻觉」（hallucination）是什么？为什么LLM会产生幻觉？,baseline_vs_persona_1,baseline,persona_1,5,4,5,5,5,94,4,5,4,4,4,86,8,Win,Win,是,Win,Answer A在事实正确性和深度与洞察上均优于Answer B：它准确区分了两类幻觉，深入分析了机制，并提出了学界关于幻觉根本原因的重要分歧（知识缺口vs检索失败），具有更强的学术洞察力。Answer B虽在完整性上略占优势（补充了工程解法），但在核心理论深度和表述精准度上稍弱，且个别生物学细节表述不够严谨。
73,D1,AI大模型,LLM中的「幻觉」（hallucination）是什么？为什么LLM会产生幻觉？,baseline_vs_persona_2,baseline,persona_2,5,5,5,5,5,100,4,4,4,4,4,80,20,Win,Win,是,Win,Answer A在事实正确性、深度和洞察力上全面领先：它精确区分了两类幻觉、系统阐述了多层成因，并提出了'知识缺口vs检索失败'这一高价值学术辨析，且措辞严谨无明显事实风险。Answer B结构清晰、实践导向明确，但在机制描述上存在一定简化或不精确（如注意力局部性与幻觉的因果关系），且未涉及忠实性幻觉与学界争议等重要维度，整体深度和完整性均有差距。
73,D1,AI大模型,LLM中的「幻觉」（hallucination）是什么？为什么LLM会产生幻觉？,persona_1_vs_persona_2,persona_1,persona_2,5,5,5,5,5,100,5,4,5,4,5,92,8,Win,Win,是,Win,两个回答在事实正确性和逻辑清晰度上旗鼓相当，但A在完整性和深度上明显更优：A额外涵盖了上下文窗口局限这一重要机制，对RLHF副作用的分析更为细致，并提供了分层次的工程缓解方案，整体信息密度和洞察深度均高于B。
74,D1,AI大模型,什么是上下文窗口（context window）？它对LLM的使用有哪些实际影响？,baseline_vs_persona_1,baseline,persona_1,5,4,5,5,5,97,4,5,4,4,4,86,11,Win,Tie,否,Tie,A在事实正确性上无明显瑕疵，且对上下文窗口的核心机制（O(n²)复杂度）有准确深入的解释；B存在延迟与上下文长度关系描述不准确（线性vs二次）的事实瑕疵，且token换算精度有限。A的洞察更为精准，尤其是输出token占用上下文这一容易被忽视的细节，整体质量明显优于B。
74,D1,AI大模型,什么是上下文窗口（context window）？它对LLM的使用有哪些实际影响？,baseline_vs_persona_2,baseline,persona_2,5,4,5,5,5,97,4,5,5,4,4,88,9,Win,Tie,否,Tie,A在事实正确性和深度洞察上均优于B，特别是对注意力稀释与窗口大小的区分、输出token占用等非显而易见问题的精准阐述，体现了更高的技术理解深度；B虽然覆盖面更广，但在洞察深度和个别数据准确性上略逊一筹，综合加权后A明显领先。
74,D1,AI大模型,什么是上下文窗口（context window）？它对LLM的使用有哪些实际影响？,persona_1_vs_persona_2,persona_1,persona_2,4,4,4,4,4,80,4,5,5,4,4,84,-4,Loss,Tie,否,Tie,两个回答在事实正确性和深度上基本持平，但B在完整性和逻辑清晰度上优于A：B额外包含了系统性的误区纠正和场景化建议代码块，覆盖更全面；token预算分配的量化示例也比A的ASCII图更清晰准确。A的注意力分布图纵轴标注存在轻微表达混乱。综合来看B略胜。
75,D1,AI大模型,什么是推理（inference）与训练（training）？二者对计算资源的需求有何不同？,baseline_vs_persona_1,baseline,persona_1,5,5,5,5,5,100,5,4,5,4,5,91,9,Win,Win,是,Win,两者事实正确性均无瑕疵，但Answer A在完整性和深度洞察上明显更优：它不仅精确解释了训练显存为何是推理数倍的机制（梯度+优化器状态的字节级分析），还提出了推理累计成本可能超越训练这一反直觉且有价值的产业观察，并点名了speculative decoding等前沿方向，整体信息密度和洞察深度均高于Answer B。
75,D1,AI大模型,什么是推理（inference）与训练（training）？二者对计算资源的需求有何不同？,baseline_vs_persona_2,baseline,persona_2,5,5,5,5,5,100,5,4,5,4,5,92,8,Win,Win,是,Win,两个回答在事实正确性和逻辑清晰度上均表现优秀，但Answer A在完整性和深度与洞察维度明显胜出：A额外涵盖了KV cache、speculative decoding等推理优化技术，以及大规模部署下推理累计成本可超过训练这一重要且非直觉的洞察，体现出更系统、更深入的领域理解；B虽有表格和实践案例增色，但在广度和深度上略逊一筹。
75,D1,AI大模型,什么是推理（inference）与训练（training）？二者对计算资源的需求有何不同？,persona_1_vs_persona_2,persona_1,persona_2,5,5,5,4,5,96,5,5,5,5,5,98,-2,Loss,Win,否,Tie,两个回答在事实正确性、完整性和逻辑清晰度上表现相当，但B在深度与洞察维度上表现更优：B通过RAG与LoRA组合策略的实际分析，清晰阐明了训练与推理成本的权衡逻辑，并以'考试成绩上限取决于学习质量'点出二者的依存关系，展现出更深层的理解与应用视角，因此B略胜一筹。
76,D1,AI大模型,多模态大模型（multimodal LLM）是什么？视觉与语言如何在同一模型中被统一处理？,baseline_vs_persona_1,baseline,persona_1,5,4,5,5,5,96,5,5,4,4,5,91,5,Win,Loss,否,Tie,两者事实正确性相当，但A在逻辑清晰度和深度洞察上明显占优：A对模态对齐的底层原理（CLIP粗粒度局限→空间推理弱）有更深层的分析，结构递进更自然；B内容全面但结构因夹杂应用场景介绍略显分散，洞察层面偏工程实用而非机制理解，综合得分A略高。
76,D1,AI大模型,多模态大模型（multimodal LLM）是什么？视觉与语言如何在同一模型中被统一处理？,baseline_vs_persona_2,baseline,persona_2,5,5,5,5,5,100,4,4,5,4,4,85,15,Win,Win,是,Win,Answer A在事实正确性、完整性和深度与洞察三个核心维度均优于Answer B：A覆盖了局限性分析、更精准的架构取舍对比以及CLIP对齐粗粒度问题的深层原因，而B遗漏了当前模型局限性这一重要部分，且对GPT-4o架构的推测性归类和MoE路线缺乏支撑，存在一定事实不确定性。两者逻辑清晰度相当，但A的技术深度和信息密度明显更高。
76,D1,AI大模型,多模态大模型（multimodal LLM）是什么？视觉与语言如何在同一模型中被统一处理？,persona_1_vs_persona_2,persona_1,persona_2,5,5,5,5,5,100,5,4,5,4,5,91,9,Win,Win,是,Win,两个回答在事实正确性和幻觉风险上均表现良好，但Answer A在完整性和深度上明显更优：详细介绍了三阶段训练范式、多种对齐方案的横向对比及现存挑战，而Answer B相对精炼，缺少训练流程的系统说明和对各方案优劣的深入分析，因此Answer A综合质量更高。
77,D2,AI大模型,缩放定律（Scaling Laws）的核心内容是什么？Chinchilla缩放定律对模型训练策略有何指导意义？,baseline_vs_persona_1,baseline,persona_1,5,4,5,5,5,96,4,5,5,5,4,91,5,Win,Tie,否,Tie,A在事实正确性上更为严谨，核心结论无内部矛盾；B虽然完整性更高、格式更丰富，但在Kaplan指数值与'参数量影响>数据量影响'结论之间存在轻微内部矛盾，且该维度权重最高(40%)。A的批判性视角（'计算最优'vs'部署最优'、幂律局限性）同样深刻，综合权重下A略胜。
77,D2,AI大模型,缩放定律（Scaling Laws）的核心内容是什么？Chinchilla缩放定律对模型训练策略有何指导意义？,baseline_vs_persona_2,baseline,persona_2,5,4,5,5,5,96,4,5,4,4,4,86,10,Win,Tie,否,Tie,Answer A在事实准确性和逻辑清晰度上均达到满分水准，核心区分'计算最优'与'部署最优'的洞察尤为精准，批判性分析（幂律外推局限、数据质量缺失、涌现能力张力）显示出更深的学术理解。Answer B内容更全面，拓展至MoE和Test-Time Compute等前沿，但信息密度过高导致逻辑稍显分散，且部分格式（伪代码）对核心概念的阐释贡献有限。综合加权后Answer A显著胜出。
77,D2,AI大模型,缩放定律（Scaling Laws）的核心内容是什么？Chinchilla缩放定律对模型训练策略有何指导意义？,persona_1_vs_persona_2,persona_1,persona_2,4,5,5,5,4,92,4,4,5,4,4,84,8,Win,Win,是,Win,Answer A在完整性和深度与洞察两个维度明显优于B：A提供了更精确的公式推导、详细的幂律参数、三种场景的策略分化以及推理时缩放等前沿进展，整体知识体系更系统。B在事实正确性上存在公式简化失真和MoE参数描述不准确的问题，综合质量低于A。
78,D2,AI大模型,基于人类反馈的强化学习（RLHF）的完整流程是什么？奖励模型如何被训练和使用？,baseline_vs_persona_1,baseline,persona_1,5,5,5,5,5,100,5,5,4,4,5,90,10,Win,Win,是,Win,两个回答在事实正确性和完整性上均表现优秀，但Answer A在逻辑清晰度和深度与洞察两个维度上明显优于B：A对RM分布偏移、标注者偏见的系统性分析、对Goodhart定律的引用、对学界分歧的诚实梳理以及最终的批判性评估，体现出更深的领域洞察力；而B的工程视角虽有实用价值，但理论深度较浅，且人设叙述略微干扰了主线的连贯性。
78,D2,AI大模型,基于人类反馈的强化学习（RLHF）的完整流程是什么？奖励模型如何被训练和使用？,baseline_vs_persona_2,baseline,persona_2,5,5,5,5,5,100,5,4,5,4,5,92,8,Win,Win,是,Win,两份回答在事实正确性和逻辑清晰度上均达到高水准，但Answer A在完整性和深度方面明显更优：它提供了更严谨的数学推导、对Goodhart定律等深层机制的批判性分析、对RM在线更新争议的讨论，以及对整个RLHF体系局限性的诚实评估，整体学术深度和信息密度显著高于Answer B。
78,D2,AI大模型,基于人类反馈的强化学习（RLHF）的完整流程是什么？奖励模型如何被训练和使用？,persona_1_vs_persona_2,persona_1,persona_2,5,5,5,5,5,100,5,4,5,4,5,91,9,Win,Win,是,Win,两个回答在事实正确性上均无误，但A在完整性和深度与洞察两个维度明显更优：A详细解释了pairwise比较的设计动机、RM架构细节（取最后token hidden state）、GAE优势估计、KL惩罚的必要性推导，以及奖励黑客的具体机制，技术细节更加扎实；B结构同样清晰，但部分关键细节缺失，深度略显不足。综合权重计算，A显著领先。
79,D2,AI大模型,直接偏好优化（DPO）与RLHF相比有哪些算法层面的优势和局限？,baseline_vs_persona_1,baseline,persona_1,5,5,5,5,5,100,4,5,5,4,4,87,13,Win,Loss,否,Tie,Answer A在事实准确性和深度洞察上均无明显瑕疵，论证严谨、公式推导正确，对核心trade-off（如在线采样引入后计算优势消失）的分析更为精准；Answer B整体质量良好但存在部分轻微事实归因偏差（IPO论文定性不够准确），且部分工程数据（代码行数等）属于估算，深度洞察略逊于A，因此A胜出。
79,D2,AI大模型,直接偏好优化（DPO）与RLHF相比有哪些算法层面的优势和局限？,baseline_vs_persona_2,baseline,persona_2,5,4,5,5,5,96,4,5,4,4,4,86,10,Win,Loss,否,Tie,Answer A在事实正确性、逻辑清晰度和深度洞察上均优于B：其对DPO局限的分析更具理论深度（特别是指出Iterative DPO引入在线采样后计算优势消失这一内在矛盾），公式推导无误，结构严谨。Answer B信息覆盖面更广且补充了Length Exploitation等实用细节，但分析深度较浅，存在轻微格式错误，整体质量不及A。
79,D2,AI大模型,直接偏好优化（DPO）与RLHF相比有哪些算法层面的优势和局限？,persona_1_vs_persona_2,persona_1,persona_2,5,5,5,5,5,98,5,5,5,4,5,94,4,Win,Tie,否,Tie,两个回答在事实正确性和完整性上旗鼓相当，均覆盖了DPO的核心推导与主要优劣势。Answer A在深度与洞察维度略胜一筹：对BT模型假设在实践中的三个具体gap（数据来源、偏好一致性、参考策略固定性）有更系统的分析，对SimPO去除ref model的改进逻辑解读也更清晰；此外A的逻辑结构更严密，代码与公式相互验证，整体呈现质量稍优于B。
80,D2,AI大模型,混合专家模型（MoE）架构的工作原理是什么？与稠密模型相比，在推理效率上有何优势？,baseline_vs_persona_1,baseline,persona_1,5,5,5,5,5,100,4,4,4,4,4,80,20,Win,Win,是,Win,Answer A在事实正确性、完整性、深度洞察上全面优于Answer B：A精确区分了总参数量与激活参数量，对Scaling Law差异有独到分析，并诚实地列出了推理限制；而B存在'Mixtral推理速度6倍于LLaMA-2 70B'这一可疑夸大数据，且对前沿方向（细粒度专家、共享专家、MoE Scaling Law特殊性）缺乏深入阐述，综合质量明显低于A。
80,D2,AI大模型,混合专家模型（MoE）架构的工作原理是什么？与稠密模型相比，在推理效率上有何优势？,baseline_vs_persona_2,baseline,persona_2,5,5,5,5,5,100,4,4,5,4,4,84,16,Win,Win,是,Win,Answer A在事实正确性、完整性和深度洞察三个核心维度均表现出色：不仅覆盖了MoE的全部关键技术要素，还深入讨论了Scaling Law特殊性、DeepSeek-V3前沿技术细节及开放研究问题；Answer B虽在逻辑清晰度上表现良好，但在深度和完整性上明显逊于A，缺少对最新架构进展和学术前沿的充分分析。两者差距在加权评分上显著。
80,D2,AI大模型,混合专家模型（MoE）架构的工作原理是什么？与稠密模型相比，在推理效率上有何优势？,persona_1_vs_persona_2,persona_1,persona_2,4,5,5,5,4,87,5,4,5,4,5,86,1,Tie,Win,否,Tie,两个回答在事实正确性和逻辑清晰度上均表现优秀，总分差异仅1分，处于统计误差范围内。A在完整性和深度上略胜（覆盖了更多工程细节如通信优化、训练稳定性、内存优化方案），但存在少量内存数字不精确的问题；B在事实精确性和幻觉风险上更干净，核心洞察总结更简练。两者各有侧重，整体质量相当。
81,D2,AI大模型,Flash Attention和KV Cache的工作原理分别是什么？它们如何提升LLM的推理效率？,baseline_vs_persona_1,baseline,persona_1,5,5,5,5,5,100,4,4,5,4,5,84,16,Win,Win,是,Win,Answer A在事实精确性上更胜一筹，正确使用d_head且给出完整的KV Cache内存公式，并注明关键技术出处（Milakov & Gimelshein、Noam Shazeer）；深度上独有'Decode阶段Flash Attention收益有限'这一重要洞察，以及recomputation机制和FA2/FA3演进的介绍。Answer B虽然结构清晰、可读性好，但在KV Cache内存公式上存在d_model/d_head混用的不精确问题，技术深度和完整性均略逊。
81,D2,AI大模型,Flash Attention和KV Cache的工作原理分别是什么？它们如何提升LLM的推理效率？,baseline_vs_persona_2,baseline,persona_2,5,5,5,5,5,100,4,5,5,4,4,86,14,Win,Tie,否,Tie,Answer A在事实正确性和深度洞察上均优于B，尤其是明确指出Flash Attention在decode阶段收益有限（attention矩阵退化为向量）这一专业细节，体现更高的技术理解层次；同时引用了online softmax的原始出处及FA2/FA3演进，归因准确，整体无明显瑕疵。Answer B虽然结构丰富、工程实践角度突出，但缺少上述关键洞察，在深度维度略逊一筹。
81,D2,AI大模型,Flash Attention和KV Cache的工作原理分别是什么？它们如何提升LLM的推理效率？,persona_1_vs_persona_2,persona_1,persona_2,4,4,4,4,4,80,5,5,5,5,4,96,-16,Loss,Loss,是,Loss,B在完整性和深度上显著优于A：提供了online softmax的具体rescaling算法伪代码、LLaMA-3 8B的量化显存估算、Flash Attention 2/3进展等A所缺失的内容。B还明确点出'计算量不变，纯粹是IO优化'这一反直觉核心，技术深度更扎实。两者事实正确性均良好，但B的信息密度和可操作性明显更高。
82,D2,AI大模型,什么是指令微调（Instruction Tuning）？FLAN、InstructGPT等工作的核心贡献是什么？,baseline_vs_persona_1,baseline,persona_1,5,4,5,5,5,96,4,5,4,4,4,85,11,Win,Win,是,Win,Answer A在事实正确性上无瑕疵，而Answer B存在FLAN任务数量（137个）与原始论文不符的事实混淆，影响了事实正确性得分。此外，Answer A在深度与洞察维度明显优于Answer B，对对齐框架的本质贡献、学界分歧等有更精准和深刻的分析；逻辑结构也更为简洁紧凑，核心论点突出，综合来看Answer A质量显著更高。
82,D2,AI大模型,什么是指令微调（Instruction Tuning）？FLAN、InstructGPT等工作的核心贡献是什么？,baseline_vs_persona_2,baseline,persona_2,5,5,5,5,5,100,5,4,5,4,5,88,12,Win,Win,是,Win,Answer A在深度与洞察维度明显优于Answer B，额外涵盖了规模门槛与涌现能力的关联、对齐税与reward hacking的tension，以及指令微调机制本质的学术争议等前沿讨论；完整性上也略胜一筹，对FLAN的局限性有明确分析。Answer B虽然结构清晰、实践视角有一定价值，但整体学术深度不及Answer A，在同等事实正确性的前提下，A的综合质量更高。
82,D2,AI大模型,什么是指令微调（Instruction Tuning）？FLAN、InstructGPT等工作的核心贡献是什么？,persona_1_vs_persona_2,persona_1,persona_2,5,5,5,5,5,100,5,4,5,4,5,88,12,Win,Win,是,Win,两个回答事实正确性均良好，但A在完整性和深度与洞察维度明显优于B：A额外覆盖了FLAN规模临界点、LIMA数据质量发现、DPO/ORPO演化路径等重要知识点，并提出了'小模型+对齐>大模型'等反直觉洞察；B的内容正确但相对精简，缺少部分关键细节和后续演化的深度讨论，综合评分A显著领先。
83,D2,AI大模型,位置编码（positional encoding）的演进历程是什么？RoPE与ALiBi各自如何解决长序列外推问题？,baseline_vs_persona_1,baseline,persona_1,5,5,5,5,5,100,4,5,5,4,4,86,14,Win,Win,是,Win,Answer A在事实正确性、深度与洞察以及幻觉风险三个维度均优于Answer B。A对RoPE外推失效的频率维度分析更精准，对ALiBi线性单调性与OOD关系的解释更严谨，并提出了'困惑度不上升≠真正利用远距离信息'等更深层的洞察；B的工程代码示例增强了可读性，但在技术深度和事实严谨性上略逊，且存在ALiBi发表年份歧义和BLOOM描述不够精确的小瑕疵。
83,D2,AI大模型,位置编码（positional encoding）的演进历程是什么？RoPE与ALiBi各自如何解决长序列外推问题？,baseline_vs_persona_2,baseline,persona_2,5,5,5,5,5,100,4,4,4,4,4,80,20,Win,Win,是,Win,Answer A在事实正确性、完整性、深度和逻辑结构上均达到顶级水准，无明显瑕疵，对RoPE外推根本原因及ALiBi设计局限的批判性分析尤为出色。Answer B虽然工程视角和代码示例有其亮点，但存在ALiBi论文年份标注错误、perplexity数据来源不明、答案末尾截断等问题，在事实严谨性和完整性上均有所欠缺，综合评分明显低于A。
83,D2,AI大模型,位置编码（positional encoding）的演进历程是什么？RoPE与ALiBi各自如何解决长序列外推问题？,persona_1_vs_persona_2,persona_1,persona_2,4,5,5,5,4,92,3,4,4,4,3,76,16,Win,Loss,否,Tie,Answer A在事实正确性上更为严谨，对RoPE外推失效的维度级分析（高频旋转混叠）表述更准确，并额外覆盖了LongRoPE等更新进展；Answer B存在RoPE失效机制表述前后不一致的问题，且提供的PPL数据表缺乏可核实性，YaRN代码示例存在明显公式错误。在深度和完整性上A也明显优于B，因此A胜出。
84,D2,AI大模型,大模型量化（quantization）技术中，INT8、INT4和GPTQ分别是什么原理？精度损失如何权衡？,baseline_vs_persona_1,baseline,persona_1,5,5,5,5,5,100,4,3,4,3,4,72,28,Win,Win,是,Win,Answer A在事实正确性、完整性和深度上全面优于Answer B：准确区分了GPTQ按列顺序量化（而非重要性排序）的机制，覆盖了量化粒度设计、模型规模效应、层异质性等关键概念，并提供了从理论推导到工程权衡的完整分析链条。Answer B虽然实用性较强，但存在GPTQ实现细节的轻微混淆，且在技术深度和完整性上与A差距明显。
84,D2,AI大模型,大模型量化（quantization）技术中，INT8、INT4和GPTQ分别是什么原理？精度损失如何权衡？,baseline_vs_persona_2,baseline,persona_2,5,5,5,5,5,100,4,4,4,3,4,76,24,Win,Win,是,Win,Answer A在事实正确性、完整性和深度上全面优于Answer B：A对INT8、INT4、GPTQ的技术细节描述更精确，覆盖了混合精度、KV Cache、W4A4等扩展方向，并提供了有量化支撑的洞察。Answer B存在显存对比表述混乱（INT4标注~2x压缩而非~4x）和部分概念模糊的问题，整体深度也明显不足。
84,D2,AI大模型,大模型量化（quantization）技术中，INT8、INT4和GPTQ分别是什么原理？精度损失如何权衡？,persona_1_vs_persona_2,persona_1,persona_2,4,4,4,4,4,80,5,4,5,5,5,96,-16,Loss,Win,否,Tie,Answer B在事实正确性上更为严谨，补充了per-channel量化、分组量化等A遗漏的关键工程细节，GPTQ的Hessian补偿机制通过伪代码呈现更为清晰，且提出'模型越大量化损失越小'这一有实证支撑的深度洞察；A虽结构也清晰但存在若干细节遗漏和精度描述不够准确的问题，综合质量明显低于B。
85,D2,AI大模型,什么是检索增强生成（RAG）？向量数据库在其中扮演什么角色？RAG与长上下文模型各有什么优劣？,baseline_vs_persona_1,baseline,persona_1,5,5,5,5,5,100,4,5,5,4,4,86,14,Win,Tie,否,Tie,Answer A在事实正确性和深度洞察维度全面优于Answer B：A对Lost in the Middle现象做了批判性注释，指出了Embedding语义空间不一致等核心工程问题，且对各改进技术的适用边界分析更为严谨。B的内容虽完整且实用性强，但在技术深度和部分引用准确性上略有不足，综合加权得分差距明显。
85,D2,AI大模型,什么是检索增强生成（RAG）？向量数据库在其中扮演什么角色？RAG与长上下文模型各有什么优劣？,baseline_vs_persona_2,baseline,persona_2,5,5,5,5,5,100,5,4,5,4,5,89,11,Win,Win,是,Win,Answer A在深度与洞察维度明显领先，指出了Embedding空间不一致、向量相似度与任务相关性的差异等高阶问题，并对引用文献主动加以批判性修正，体现学术严谨性。Answer B实用性强但洞察层次稍浅，在失效模式分析上不及A全面，整体质量差距主要体现在深度维度。
85,D2,AI大模型,什么是检索增强生成（RAG）？向量数据库在其中扮演什么角色？RAG与长上下文模型各有什么优劣？,persona_1_vs_persona_2,persona_1,persona_2,5,5,5,5,5,100,5,5,5,4,5,97,3,Win,Tie,否,Tie,两个回答均高质量覆盖了RAG的三个核心子问题，事实准确，结构清晰。Answer A在深度与洞察维度略胜一筹，提供了更完整的决策框架、更系统的RAG演化路径分析，以及'RAG+长上下文互补'的核心判断表达更为精炼有力；Answer B虽补充了微调视角，但整体深度稍逊，因此A小幅胜出。
86,D2,AI大模型,大模型的涌现能力（emergent abilities）是什么？其背后的机制是否已被理论解释清楚？,baseline_vs_persona_1,baseline,persona_1,5,5,5,5,5,100,4,5,5,4,4,83,17,Win,Win,是,Win,Answer B存在两处可核实的文献来源错误（Wei et al. 2022发表于TMLR而非Science，Schaeffer et al. 2023发表于NeurIPS而非Nature），直接影响事实正确性和幻觉风险评分。Answer A在事实准确性、机制分析深度（特别是区分指标假象与真实相变、安全评估盲点）以及独立洞察方面均优于Answer B，因此判定A胜出。
86,D2,AI大模型,大模型的涌现能力（emergent abilities）是什么？其背后的机制是否已被理论解释清楚？,baseline_vs_persona_2,baseline,persona_2,5,5,5,5,5,100,5,4,4,4,5,84,16,Win,Win,是,Win,Answer A在完整性、逻辑清晰度和深度与洞察三个维度均明显优于Answer B：A系统性地拆解了涌现争议的两种立场并给出评估，提供了四个候选机制的优缺点对比，还延伸到实践影响和理论难点；而B虽覆盖主要方向，但分析较为浅显，缺乏对各机制的深入论证和对实践层面的系统讨论。两者事实正确性相当，但A在信息密度和分析深度上具有明显优势。
86,D2,AI大模型,大模型的涌现能力（emergent abilities）是什么？其背后的机制是否已被理论解释清楚？,persona_1_vs_persona_2,persona_1,persona_2,5,5,5,5,4,96,5,4,5,4,5,86,10,Win,Win,是,Win,Answer A在完整性和深度与洞察两个维度上显著优于Answer B：A系统梳理了四种机制理论并给出综合性框架，讨论了未解的开放问题及安全影响，还提供了实践层面的启示；而B的机制分析较为浅层，对部分重要视角（如Grokking、信息瓶颈）未涉及。两者事实正确性和逻辑清晰度相当，但综合覆盖面和分析深度A明显胜出。
87,D3,AI大模型,"思维链（Chain-of-Thought, CoT）提示技术的工作机制是什么？它能真正提升模型的推理能力吗？",baseline_vs_persona_1,baseline,persona_1,5,5,5,5,5,100,4,4,4,4,4,82,18,Win,Win,是,Win,Answer A在事实准确性、理论深度和洞察力上全面优于Answer B：前者系统性地从表达能力理论、特征空间和模式匹配三个层面解释机制，并提出faithfulness评测作为核心开放问题，体现学术前沿意识；后者虽然工程实用性强，但将CoT有效阈值简化为'100B'欠严谨，理论层面分析也明显较浅。Answer A的'CoT可读性可能制造推理幻觉'这一元认知警示尤为深刻，是B所缺乏的。
87,D3,AI大模型,"思维链（Chain-of-Thought, CoT）提示技术的工作机制是什么？它能真正提升模型的推理能力吗？",baseline_vs_persona_2,baseline,persona_2,5,5,5,5,4,97,4,3,4,3,5,74,23,Win,Win,是,Win,Answer A在完整性、深度与洞察方面全面优于Answer B：A引用具体研究方向、提出faithfulness与可读性幻觉的区分、系统分析多种机制假说及其证据，并指出当前开放问题；而B仅停留在表面机制描述，缺乏理论支撑和批判性深度。在事实正确性上A同样更精确，两者差距显著。
87,D3,AI大模型,"思维链（Chain-of-Thought, CoT）提示技术的工作机制是什么？它能真正提升模型的推理能力吗？",persona_1_vs_persona_2,persona_1,persona_2,4,5,5,5,4,92,4,3,4,3,4,72,20,Win,Win,是,Win,Answer A在完整性和深度与洞察两个核心维度上显著优于Answer B，提供了具体的文献证据、定量数据、多个CoT变体分类及对关键争议的深入辨析；而Answer B虽简洁清晰，但缺乏足够的论据支撑和分析深度，对L3难度问题的回应明显不足。
88,D3,AI大模型,LLM Agent（智能体）框架中，ReAct、Reflexion和AutoGPT各自解决了什么问题？局限性是什么？,baseline_vs_persona_1,baseline,persona_1,5,5,5,5,5,100,4,5,5,4,4,86,14,Win,Win,是,Win,Answer A在深度与洞察维度显著优于B，提出了'自举问题'、'误差概率相乘'、'未被质疑的假设'等更具原创性和抽象层次的批判，而非停留于工程经验的罗列。A的事实表述更为严谨，对AutoGPT的局限性描述也更客观准确，未出现B中对其纠错机制的夸大描述。整体而言A在学术严谨性和思维深度上均优于B。
88,D3,AI大模型,LLM Agent（智能体）框架中，ReAct、Reflexion和AutoGPT各自解决了什么问题？局限性是什么？,baseline_vs_persona_2,baseline,persona_2,5,5,5,5,5,100,4,4,5,4,5,84,16,Win,Win,是,Win,Answer A在深度与洞察维度显著优于Answer B，对ReAct'表演性推理'、Reflexion自举问题、AutoGPT误差累积的数学分析等均展现出更高层次的批判性思维；同时A对各框架'真正的学术贡献点'与'解决的问题'的辨析更为精准，而B对Reflexion的Evaluator机制描述略有偏差，且整体停留在工程描述层面，缺乏对底层假设的质疑。
88,D3,AI大模型,LLM Agent（智能体）框架中，ReAct、Reflexion和AutoGPT各自解决了什么问题？局限性是什么？,persona_1_vs_persona_2,persona_1,persona_2,5,5,5,5,5,100,5,5,5,4,5,95,5,Win,Win,是,Win,两个回答在事实正确性、完整性、逻辑清晰度上表现相当，均属高质量回答。A在深度与洞察维度略胜一筹：A对每个框架的'本质缺陷'提炼更为精准（如明确指出Reflexion依赖可验证结果、AutoGPT假设LLM规划能力完美等），对共同局限的归纳也更系统；B虽提及Multi-Agent演进趋势，但对核心机制的深层分析略显标签化，整体洞察深度稍弱，因此A胜出。
89,D3,AI大模型,AI在蛋白质结构预测（AlphaFold2/3）上的突破对基因编辑工具的设计有哪些实际帮助？,baseline_vs_persona_1,baseline,persona_1,5,5,5,5,5,100,4,4,4,4,4,80,20,Win,Win,是,Win,Answer A在事实正确性、完整性、逻辑清晰度和深度洞察四个核心维度均优于Answer B：A主动辨析了高保真Cas9变体的发现路径（实验筛选而非AI设计），对AF2/AF3的实际局限性（动态构象、核酸界面、细胞内环境）有系统性批判，并给出'加速器而非颠覆者'的核心判断；B虽有实操工作流的呈现价值，但在系统覆盖度和批判性深度上均不及A，且存在少量轻微事实模糊之处。
89,D3,AI大模型,AI在蛋白质结构预测（AlphaFold2/3）上的突破对基因编辑工具的设计有哪些实际帮助？,baseline_vs_persona_2,baseline,persona_2,5,5,5,5,5,100,4,4,4,4,4,80,20,Win,Win,是,Win,Answer A在事实正确性上更为严谨，明确区分了AI工具的因果方向（AF2作为后验理解工具而非设计驱动工具），并对被高估的应用方向进行了批判性分析；深度与洞察维度显著领先，识别出动态构象、核酸界面精度不足、染色质环境等三大核心瓶颈，以及'从头设计功能性编辑酶目前做不到'的清醒判断。Answer B虽具有实践视角且可读性好，但在完整性和批判性深度上明显不足，且对SpRY与AlphaFold关系有轻微夸大。
89,D3,AI大模型,AI在蛋白质结构预测（AlphaFold2/3）上的突破对基因编辑工具的设计有哪些实际帮助？,persona_1_vs_persona_2,persona_1,persona_2,5,5,5,5,5,100,5,4,5,5,5,95,5,Win,Tie,否,Tie,两个回答在事实正确性、逻辑清晰度和深度洞察上旗鼓相当，均属高质量回答。A的优势在于完整性更强——额外覆盖了递送工具体积优化（AAV包装限制与truncation策略）和多模块融合蛋白接头设计两个场景，同时对AlphaFold局限性的细化程度（pLDDT阈值、R-loop非标准核酸等）更为精确。B的AF2 vs AF3对比分析框架设计巧妙，但在覆盖维度上略窄，导致完整性维度略低于A。
90,D3,AI大模型,大模型在科学文献理解与假设生成中的应用现状如何？有哪些已知的可靠性问题？,baseline_vs_persona_1,baseline,persona_1,4,4,5,5,5,92,4,5,4,4,4,86,6,Win,Win,是,Win,Answer A在逻辑清晰度和深度洞察上明显优于B，尤其是'评估体系方法论缺陷'这一元批判和'知识重组vs框架裂缝识别'的结构性矛盾分析，展现出更高的思维层次。Answer B内容更全面、具体工具列举更丰富，但核心洞察深度不及A，且结构略显繁杂。综合权重计算，A总分领先B约6分。
90,D3,AI大模型,大模型在科学文献理解与假设生成中的应用现状如何？有哪些已知的可靠性问题？,baseline_vs_persona_2,baseline,persona_2,5,5,5,5,5,100,4,4,4,4,4,80,20,Win,Win,是,Win,Answer A在深度与洞察维度明显占优，特别是对评估方法论局限性的元层次批评以及对模型系统性保守偏向的分析，体现了更高的学术批判水准；A的逻辑层次（按严重程度分层）也比B更为严谨；B虽然加入了具体工程经验，增强了实践参考价值，但在覆盖面和分析深度上均不及A，尤其缺少对开放式评估困境的讨论。
90,D3,AI大模型,大模型在科学文献理解与假设生成中的应用现状如何？有哪些已知的可靠性问题？,persona_1_vs_persona_2,persona_1,persona_2,4,5,5,5,4,93,4,4,4,4,4,80,13,Win,Win,是,Win,Answer A在完整性和深度上显著优于B，不仅系统覆盖了文献理解与假设生成的全貌，还深入分析了方法论盲区、发表偏倚、输出不一致等较少被提及的深层可靠性问题，并提供了可操作的使用框架。Answer B内容准确但相对精简，缺少对深层机制问题的分析，整体洞察密度低于A。
91,D3,AI大模型,在植物基因组学中，如何利用LLM辅助基因功能注释和表达调控网络解析？,baseline_vs_persona_1,baseline,persona_1,5,5,5,5,5,100,4,3,4,3,4,72,28,Win,Win,是,Win,Answer A在事实准确性、内容完整性和深度洞察三个核心维度均显著优于Answer B。A对植物基因组特异性挑战（多倍体、转座子、表观遗传耦合）的深入分析，以及对LLM真实价值与局限的批判性框架，体现了更高的专业水准。B虽有实践细节但覆盖面窄，缺乏对核心技术挑战的系统性讨论，深度不足。
91,D3,AI大模型,在植物基因组学中，如何利用LLM辅助基因功能注释和表达调控网络解析？,baseline_vs_persona_2,baseline,persona_2,5,4,5,5,5,96,4,5,4,4,4,84,12,Win,Win,是,Win,Answer A在事实正确性、逻辑清晰度和深度洞察三个核心维度均优于B，尤其对植物基因组特异性挑战（多倍体、转座子、表观遗传耦合）的分析更深入，对LLM在GRN解析中定位的批判性判断更为准确和严谨。Answer B虽然实操性和完整性略强，但存在无法核实的具体文献引用（可能捏造），且深度分析不及A，综合来看A明显胜出。
91,D3,AI大模型,在植物基因组学中，如何利用LLM辅助基因功能注释和表达调控网络解析？,persona_1_vs_persona_2,persona_1,persona_2,4,3,4,3,4,68,4,5,5,5,4,88,-20,Loss,Loss,是,Loss,Answer B在完整性、逻辑清晰度和深度与洞察三个核心维度均显著优于Answer A：B系统覆盖了从痛点诊断到落地建议的完整体系，明确区分了LLM的能力边界和局限性，证据分级机制设计体现了工程落地深度；而A的调控网络解析部分较为简略，缺乏局限性分析和多组学整合讨论，整体信息密度和实用性明显不如B。
92,D3,AI大模型,大模型的对齐问题（alignment problem）是什么？RLHF、Constitutional AI等方法各自的局限是什么？,baseline_vs_persona_1,baseline,persona_1,5,5,5,5,5,100,4,4,4,4,4,82,18,Win,Win,是,Win,Answer A在事实准确性、覆盖完整性和深度洞察上均达到满分水准，尤其是对所有对齐方法共享的深层认识论假设的元层面诊断，以及对学界三大分歧立场的梳理，体现了显著更高的理论深度。Answer B的生物学类比视角有一定新颖性，但部分类比机制不严谨，且覆盖面和论证深度均不及A，综合差距明显。
92,D3,AI大模型,大模型的对齐问题（alignment problem）是什么？RLHF、Constitutional AI等方法各自的局限是什么？,baseline_vs_persona_2,baseline,persona_2,5,5,5,5,5,100,4,4,4,4,5,82,18,Win,Win,是,Win,Answer A在所有维度均达到最高水准：技术细节精准（mesa-optimizer、RLAIF、DPO均有准确阐述），覆盖面更广（纳入学界三派分歧），核心诊断'所有方法共享同一深层假设'展现了真正的分析深度。Answer B虽结构清晰、视角实用，但在前沿概念深度、系统性分析和内容完整性上均不及A，差距明显。
92,D3,AI大模型,大模型的对齐问题（alignment problem）是什么？RLHF、Constitutional AI等方法各自的局限是什么？,persona_1_vs_persona_2,persona_1,persona_2,5,5,5,5,5,100,5,4,5,4,5,88,12,Win,Win,是,Win,Answer A在完整性和深度与洞察两个维度上明显优于B：A涵盖了Mesa-Optimization、规范不完备性、可扩展监督等更前沿的理论层面，并提供了精确的KL约束公式和综合对比表；B虽然实践视角有一定价值，但理论深度不及A，且在深层困境的阐述上有所缺失。两者事实正确性和逻辑清晰度均表现优秀，差距主要在内容深度和完整性上。
93,D3,AI大模型,开源大模型（LLaMA、Mistral等）与闭源模型在能力和安全边界上的差距正在如何演变？,baseline_vs_persona_1,baseline,persona_1,5,5,5,5,5,100,4,4,4,4,4,80,20,Win,Win,是,Win,Answer A在所有维度均表现优异：对'安全'概念进行了精细的三层次拆解，提出了基准污染、内在对齐不可直接测量、能力民主化与安全集中化结构性张力等深层洞察，逻辑严密且对不确定性有明确标注。Answer B具有实用价值和可读性，但深度与系统性明显不及A，部分结论停留在行业共识层面，未能对核心矛盾进行充分剖析。
93,D3,AI大模型,开源大模型（LLaMA、Mistral等）与闭源模型在能力和安全边界上的差距正在如何演变？,baseline_vs_persona_2,baseline,persona_2,5,5,5,5,5,100,4,3,4,3,5,72,28,Win,Win,是,Win,Answer A在完整性、深度与洞察两个核心维度上远超Answer B，系统性地拆解了安全问题的三个层次，并提出了'能力差距收窄不能推导安全差距不重要'等高质量反驳论点；Answer B虽有实践视角价值，但分析深度不足、对关键机制的论述过于简化，总分差距显著。
93,D3,AI大模型,开源大模型（LLaMA、Mistral等）与闭源模型在能力和安全边界上的差距正在如何演变？,persona_1_vs_persona_2,persona_1,persona_2,4,5,5,5,4,93,4,3,4,4,4,76,17,Win,Win,是,Win,Answer A在完整性和深度上显著优于Answer B，不仅覆盖了能力差距、安全边界、监管框架、混合架构等多个关键维度，还提出了有实质洞察的'数据主权安全悖论'和量化演变分析框架。Answer B虽论点准确、结构清晰，但覆盖面较窄，部分结论缺乏支撑，整体深度不及Answer A。
94,D3,AI大模型,AI编码助手（如GitHub Copilot）背后的技术架构与普通LLM有何不同？代码生成的评估标准是什么？,baseline_vs_persona_1,baseline,persona_1,5,5,5,5,5,100,4,5,5,4,4,87,13,Win,Win,是,Win,Answer A在事实精确性和深度洞察上均优于B：A对不确定信息有明确标注，且深入讨论了benchmark与工程价值脱节、scaling路线争议等核心开放问题；B在具体数字引用（GPT-4o SWE-bench成绩归属）和工业指标来源上存在可核实的轻微事实风险，深度分析也相对停留在描述层面。
94,D3,AI大模型,AI编码助手（如GitHub Copilot）背后的技术架构与普通LLM有何不同？代码生成的评估标准是什么？,baseline_vs_persona_2,baseline,persona_2,5,5,5,5,5,100,4,4,5,4,4,84,16,Win,Win,是,Win,Answer A在技术深度、事实准确性和完整性上全面领先：它系统性地对比了学界与工业界评估体系的分歧、明确讨论了领域尚无共识的核心问题，pass@k公式等细节精确，且对FIM、RAG、验证闭环的分析更为严谨深入。Answer B虽然可读性好，但存在时间线混淆（'2026视角'）和具体数字可信度存疑的问题，深度与洞察也明显不足。
94,D3,AI大模型,AI编码助手（如GitHub Copilot）背后的技术架构与普通LLM有何不同？代码生成的评估标准是什么？,persona_1_vs_persona_2,persona_1,persona_2,5,5,5,5,4,97,4,5,5,4,4,86,11,Win,Win,是,Win,Answer A在事实正确性和深度洞察上均更优：FIM训练目标的形式化呈现、repo-level RAG与通用RAG的类比分析、工业级指标（Code Churn/Error Rate）的引入，以及对SWE-bench技术鸿沟的前沿判断，均展示出更高的专业深度。Answer B虽结构清晰、实用性强，但引用了'Claude 3.7 Sonnet SWE-bench ~62%'这一存疑数字，且整体分析深度略逊于A。
95,D3,AI大模型,大模型的知识截止（knowledge cutoff）问题在科学研究应用中如何缓解？检索、工具调用和持续训练各自的效果如何？,baseline_vs_persona_1,baseline,persona_1,5,4,5,5,5,96,4,5,4,4,4,86,10,Win,Tie,否,Tie,Answer A以'三类缺口'为核心框架，对各技术路线的能力边界分析更为深刻，尤其是'自举问题'和'概念缺口是结构性盲目'等洞察超越了表层技术描述，逻辑清晰度和深度与洞察两个维度明显优于B。Answer B内容更为丰富全面，补充了科研场景特有挑战，但深度和逻辑连贯性略逊，且部分具体数据存在轻微幻觉风险，综合评分A显著高于B。
95,D3,AI大模型,大模型的知识截止（knowledge cutoff）问题在科学研究应用中如何缓解？检索、工具调用和持续训练各自的效果如何？,baseline_vs_persona_2,baseline,persona_2,5,4,5,5,5,96,4,5,5,4,4,86,10,Win,Win,是,Win,A在深度与洞察维度明显胜出，提炼出'三类知识缺口'分析框架、'自举问题'及'概念缺口结构性盲目'等核心洞察，对科研AI的系统性局限有更清醒的认识。A的逻辑链条更为严密，事实准确性无可挑剔，而B虽覆盖面更广、工程细节更丰富，但在核心概念深度上略逊，且存在AlphaFold3 API可用性描述的轻微瑕疵。
95,D3,AI大模型,大模型的知识截止（knowledge cutoff）问题在科学研究应用中如何缓解？检索、工具调用和持续训练各自的效果如何？,persona_1_vs_persona_2,persona_1,persona_2,5,5,5,5,5,100,5,5,5,5,5,100,0,Tie,Tie,是,Tie,两篇回答在事实正确性、完整性、逻辑清晰度和深度上均达到满分水准，核心技术内容高度重叠且同样准确。Answer B在'未解决硬问题'和微调形式对比上略有优势，Answer A在分块策略实验细节和'三类盲区'分类框架上略有特色，但差距不足以构成统计显著的质量差异，综合判定为平局。
96,D4,AI大模型,Transformer架构是否存在根本性的理论瓶颈（如O(n²)注意力复杂度）？Mamba等状态空间模型是否提供了有效替代？,baseline_vs_persona_1,baseline,persona_1,5,5,5,5,5,100,4,5,4,4,4,84,16,Win,Win,是,Win,Answer A在深度与洞察维度显著领先：IO复杂度瓶颈的精准识别、电路复杂度理论的引用、'混合架构出现本身即是证伪'的逻辑论证，以及对元问题的追问，均展示出更高的学术深度。Answer B工程实践视角丰富，但存在'Mamba-2证明等价性'等表述过强的事实性瑕疵，且生物信息学类比虽有创意但严谨性有限，整体深度和逻辑严谨性不及A。
96,D4,AI大模型,Transformer架构是否存在根本性的理论瓶颈（如O(n²)注意力复杂度）？Mamba等状态空间模型是否提供了有效替代？,baseline_vs_persona_2,baseline,persona_2,5,5,5,5,5,100,4,4,4,4,4,80,20,Win,Win,是,Win,Answer A在深度与洞察维度上显著优于Answer B，引入了电路复杂度理论、信息论状态压缩分析等更高层次的论证，并提出了'混合架构出现即暗示纯SSM不充分'等有力的逆推论证。Answer A的事实表述更为严谨，不给出缺乏限定的精确量化数据，而Answer B中多处量化数据（FlashAttention提速数据、Mamba吞吐量优势）表述过于绝对，存在事实准确性风险。两者虽结论相近，但A的论证深度和严谨性明显更高。
96,D4,AI大模型,Transformer架构是否存在根本性的理论瓶颈（如O(n²)注意力复杂度）？Mamba等状态空间模型是否提供了有效替代？,persona_1_vs_persona_2,persona_1,persona_2,4,5,4,5,4,86,4,5,5,4,4,84,2,Tie,Win,否,Tie,两者在覆盖度和事实正确性上势均力敌，A在深度与洞察维度略胜一筹（提出了信息论层面的本质约束和'有损替代'的具体论证），而B在逻辑清晰度和结论呈现上更为简洁有力。综合加权后差距仅2分，未达到明确胜负的阈值，判为平局。
97,D4,AI大模型,大模型的可解释性（interpretability）研究现状如何？机械可解释性（mechanistic interpretability）能否真正揭示模型内部的推理机制？,baseline_vs_persona_1,baseline,persona_1,5,5,5,5,5,100,4,3,4,3,4,72,28,Win,Win,是,Win,Answer A在深度与洞察维度上远超Answer B，不仅准确引用相关文献，还系统性地讨论了忠实性验证困难、特征叠加根本性困难、评估标准缺失等深层方法论问题，并提供了乐观派与怀疑派的对比框架；Answer B虽结构清晰、事实大体准确，但对核心争议和深层困难的分析明显不足，完整性和洞察深度均有较大差距，综合差距显著。
97,D4,AI大模型,大模型的可解释性（interpretability）研究现状如何？机械可解释性（mechanistic interpretability）能否真正揭示模型内部的推理机制？,baseline_vs_persona_2,baseline,persona_2,5,5,5,5,5,100,5,4,5,4,5,87,13,Win,Win,是,Win,Answer A在深度与洞察维度显著领先：它明确指出了范畴错误问题、忠实性验证的必要/充分性区分、以及领域评估标准缺失这些真正深层的方法论困境，而不仅是罗列局限性。A的内部分歧对比表和对'解释的层级问题'的讨论体现了更高的学术严谨性。Answer B有生物学类比的新颖视角和前沿方向梳理，但在核心问题的论证深度和完整性上均不及A。
97,D4,AI大模型,大模型的可解释性（interpretability）研究现状如何？机械可解释性（mechanistic interpretability）能否真正揭示模型内部的推理机制？,persona_1_vs_persona_2,persona_1,persona_2,4,4,4,4,4,80,5,5,5,5,4,96,-16,Loss,Loss,是,Loss,Answer B在完整性和深度与洞察两个高权重维度上显著优于Answer A：B正确引用了Turpin et al.的CoT忠实度研究，覆盖了分析颗粒度问题、steering vectors前沿方向、AI安全应用边界等A未涉及的重要内容，且对'功能≠机制'等核心困境的洞察更为精确。A虽结构清晰、事实基本正确，但覆盖面和分析深度均有明显差距，综合得分差距显著。
98,D4,AI大模型,LLM训练中的灾难性遗忘（catastrophic forgetting）问题在持续学习场景下如何克服？当前最佳方案是什么？,baseline_vs_persona_1,baseline,persona_1,5,5,5,5,5,100,4,4,4,3,4,74,26,Win,Win,是,Win,Answer A在深度与洞察维度显著优于B，不仅准确描述了各方案的真实局限，还提出了'持续学习是否应在参数空间内解决'等元问题，并对规模律、知识定位等前沿问题给出了有价值的分析；而Answer B的工程建议实用但流于表面，且存在'GradCAM Replay'等信息来源可疑的问题，整体深度和严谨性均弱于A。
98,D4,AI大模型,LLM训练中的灾难性遗忘（catastrophic forgetting）问题在持续学习场景下如何克服？当前最佳方案是什么？,baseline_vs_persona_2,baseline,persona_2,5,5,5,5,5,100,4,3,4,3,5,72,28,Win,Win,是,Win,Answer A在深度与洞察维度显著优于B，不仅系统覆盖了五大技术路线及其真实局限，还深入探讨了LLM持续学习的元问题（遗忘定义、知识定位、规模律效应），并提供了场景化推荐矩阵。Answer B虽结构清晰，但覆盖面不足（缺少持续预训练和模型合并方向），理论深度有限，部分结论（如MoE天然适合、神经符号是根本解）缺乏充分论据。
98,D4,AI大模型,LLM训练中的灾难性遗忘（catastrophic forgetting）问题在持续学习场景下如何克服？当前最佳方案是什么？,persona_1_vs_persona_2,persona_1,persona_2,4,5,5,5,4,96,4,3,4,3,5,74,22,Win,Win,是,Win,Answer A在完整性、逻辑清晰度和深度洞察三个高权重维度上均显著优于Answer B：A给出了数学公式、代码示例、最新文献追踪和场景化决策框架，深度分析了O-LoRA正交梯度等前沿方向，并提出'RAG替代微调归零遗忘率'的反直觉核心洞察；而B虽内容准确，但仅停留在概念介绍层面，缺乏原理推导和量化场景分析，综合差距明显。
99,D4,AI大模型,世界模型（world model）概念在当前LLM中是否已经形成？评估其存在的基准测试有哪些缺陷？,baseline_vs_persona_1,baseline,persona_1,5,5,5,5,5,100,4,4,4,4,5,82,18,Win,Win,是,Win,Answer A在深度与洞察维度显著优于B，明确提出三类子问题分解框架、行为等价与机制等价的认识论区分、以及'质的差距而非量的差距'这一核心判断，学术严谨性更高。A的基准缺陷分析（五类，附具体数据和文献）也比B更为系统完整。B虽结构清晰、观点基本正确，但论证深度和覆盖完整性均不及A。
99,D4,AI大模型,世界模型（world model）概念在当前LLM中是否已经形成？评估其存在的基准测试有哪些缺陷？,baseline_vs_persona_2,baseline,persona_2,5,5,5,5,5,100,4,4,4,4,4,80,20,Win,Win,是,Win,Answer A在深度与洞察维度显著优于B，对'表征存在≠推理使用'的哲学辨析、学界三大分歧的系统梳理、以及五类基准缺陷的框架性批判均达到高水平；逻辑结构也更严密，概念定义→证据→批判→判断→新方向的论证链条完整。Answer B虽有PlantGPT实践视角的特色，但核心论证深度不足，存在轻微文献归属错误，评估框架的伪代码形式感大于实质内容，整体质量与A差距明显。
99,D4,AI大模型,世界模型（world model）概念在当前LLM中是否已经形成？评估其存在的基准测试有哪些缺陷？,persona_1_vs_persona_2,persona_1,persona_2,4,4,5,4,4,82,4,5,5,5,4,89,-7,Loss,Loss,是,Loss,B在深度与洞察维度明显优于A，提出了'多重实现问题'这一元层面评估哲学缺陷，并对ARC-AGI、COPA、ToMi等基准进行了具体、机制性的个案分析；在完整性上B也更全面，系统覆盖了从表征层到反事实推理层的分层定义以及五类基准的逐一剖析。A结构清晰、观点准确，但在分析深度和覆盖广度上均略逊于B。
100,D4,AI大模型,AI驱动的科学发现（AI for Science）在基因组工程领域的最大瓶颈是数据质量、模型架构还是实验闭环速度？请结合具体案例分析。,baseline_vs_persona_1,baseline,persona_1,5,5,5,5,5,100,4,4,5,4,4,84,16,Win,Win,是,Win,Answer A在深度与洞察维度全面领先：将三者关系建模为串联依赖结构、识别出'生物学物理约束'是闭环速度的根本性问题、提出主动学习策略作为核心研究方向，均体现了对领域的系统性理解。事实正确性方面，Answer B存在BSMV使用场景描述不准确及部分难以核实的具体数据的轻微风险，而Answer A案例均可核实。完整性方面，Answer A的破局方向覆盖更全面、分层次可行性评估更具实用价值。
100,D4,AI大模型,AI驱动的科学发现（AI for Science）在基因组工程领域的最大瓶颈是数据质量、模型架构还是实验闭环速度？请结合具体案例分析。,baseline_vs_persona_2,baseline,persona_2,5,5,5,5,5,100,4,4,5,4,5,83,17,Win,Win,是,Win,Answer A在深度与洞察维度显著优于B，提出了三者串联依赖的层次框架、负反馈恶性循环机制、生物学物理约束与技术问题的区分，以及多倍体基因组架构不匹配等系统性分析，洞察密度更高；同时完整性更强，涵盖了B未触及的多个前沿问题和可操作破局路径。B的观点正确但深度不足，主要依赖人设框架内的个人案例，泛化性分析较弱。
100,D4,AI大模型,AI驱动的科学发现（AI for Science）在基因组工程领域的最大瓶颈是数据质量、模型架构还是实验闭环速度？请结合具体案例分析。,persona_1_vs_persona_2,persona_1,persona_2,4,5,4,5,4,88,4,4,5,4,4,82,6,Win,Win,是,Win,Answer A在深度与洞察维度明显优于B，提出了'静态/动态瓶颈'等原创框架，并对不同场景（人类疾病vs植物vs工具开发）进行了差异化权重分析，完整性更强；Answer B虽然逻辑清晰度更高、更简洁，但在洞察深度和覆盖完整性上不及A；两者在事实正确性上相当，A的场景权重矩阵逻辑略有瑕疵但不影响整体判断。
